bsp] Trying to load BSP server...
bsp] BSP server started
1-buildInitialize] Entered buildInitialize
1-buildInitialize] Got client semanticdbVersion: 4.15.2. Enabling SemanticDB support.
1-buildInitialize] buildInitialize took 6 msec
2-onBuildInitialized] Build initialized
3-workspaceBuildTargets] Entered workspaceBuildTargets
bsp-watch] Watching for changes to 6 paths and 6 other values...
3-workspaceBuildTargets] Evaluating 22 tasks
3-workspaceBuildTargets] Done
3-workspaceBuildTargets] Evaluating 1 task
3-workspaceBuildTargets] Done
3-workspaceBuildTargets] workspaceBuildTargets took 178 msec
4-scalacOptions] Entered buildTargetScalacOptions
4-scalacOptions] Evaluating 22 tasks
4-scalacOptions] Done
4-scalacOptions] Evaluating 1 task
4-scalacOptions] Done
4-scalacOptions] buildTargetScalacOptions took 106 msec
5-javacOptions] Entered buildTargetJavacOptions
5-javacOptions] Evaluating 22 tasks
5-javacOptions] Done
5-javacOptions] Evaluating 1 task
5-javacOptions] Done
5-javacOptions] buildTargetJavacOptions took 563 msec
6-sources] Entered buildTargetSources
6-sources] Evaluating 22 tasks
6-sources] Done
6-sources] Evaluating 1 task
6-sources] Done
6-sources] buildTargetSources took 44 msec
7-dependencySources] Entered buildTargetDependencySources
7-dependencySources] Evaluating 22 tasks
7-dependencySources] Done
7-dependencySources] Evaluating 1 task
7-dependencySources] Done
7-dependencySources] buildTargetDependencySources took 72 msec
8-dependencyModules] Entered buildTargetDependencyModules
8-dependencyModules] Evaluating 22 tasks
8-dependencyModules] Done
8-dependencyModules] Evaluating 1 task
8-dependencyModules] Done
8-dependencyModules] buildTargetDependencyModules took 53 msec
9-scalaMainClasses] Entered buildTargetScalaMainClasses
9-scalaMainClasses] Evaluating 18 tasks
9-scalaMainClasses-0960] compiling 1 Scala source to .bsp/out/provider-gateways/github-gateway/domain/domainPrivateAdapterExtensions/magnum/compile.dest/classes ...
9-scalaMainClasses-0976] compiling 1 Scala source to .bsp/out/provider-gateways/github-gateway/core/core-impl/compile.dest/classes ...
9-scalaMainClasses-0964] compiling 1 Scala source to .bsp/out/provider-gateways/github-gateway/domain/domainPublicAdapterExtensions/magnum/compile.dest/classes ...
9-scalaMainClasses-0985] compiling 1 Scala source to .bsp/out/provider-gateways/github-gateway/domain/domainPrivateAdapterExtensions/zio-json/compile.dest/classes ...
9-scalaMainClasses-0960] [error] provider-gateways/github-gateway/domain/domainPrivateAdapterExtensions/magnum/src/ubc/githubgateway/domain/internal/adapters/magnum/PrivateMagnumCodecs.scala:9:83
9-scalaMainClasses-0960]   given DbCodec[UserId]     = DbCodec[String].biMap(UserId(_), u => UserId.unwrap(u))
9-scalaMainClasses-0960]                                                                                   ^
9-scalaMainClasses-0960] Found:    (u : ubc.githubgateway.domain.internal.UserId)
9-scalaMainClasses-0960] Required: ubc.githubgateway.domain.internal.UserId.Type
9-scalaMainClasses-0960] 
9-scalaMainClasses-0960] [error] provider-gateways/github-gateway/domain/domainPrivateAdapterExtensions/magnum/src/ubc/githubgateway/domain/internal/adapters/magnum/PrivateMagnumCodecs.scala:10:91
9-scalaMainClasses-0960]   given DbCodec[TokenScope] = DbCodec[String].biMap(TokenScope(_), s => TokenScope.unwrap(s))
9-scalaMainClasses-0960]                                                                                           ^
9-scalaMainClasses-0960] Found:    (s : ubc.githubgateway.domain.internal.TokenScope)
9-scalaMainClasses-0960] Required: ubc.githubgateway.domain.internal.TokenScope.Type
9-scalaMainClasses-0960] 
9-scalaMainClasses-0976] [error] provider-gateways/github-gateway/core/core-impl/src/ubc/githubgateway/core/GitHubGatewayService.scala:15:16
9-scalaMainClasses-0976]       userId = userId,
9-scalaMainClasses-0976]                ^^^^^^
9-scalaMainClasses-0976] Found:    (userId : ubc.githubgateway.domain.internal.UserId)
9-scalaMainClasses-0976] Required: ubc.githubgateway.domain.internal.UserId²
9-scalaMainClasses-0976] 
9-scalaMainClasses-0976] where:    UserId  is a class in package ubc.githubgateway.domain.internal
9-scalaMainClasses-0976]           UserId² is a type in the top-level definitions in package internal which is an alias of ubc.githubgateway.domain.internal.UserId.Type
9-scalaMainClasses-0976] 
9-scalaMainClasses-0976] 
9-scalaMainClasses-0960] [error] provider-gateways/github-gateway/domain/domainPrivateAdapterExtensions/magnum/src/ubc/githubgateway/domain/internal/adapters/magnum/PrivateMagnumCodecs.scala:16:36
9-scalaMainClasses-0960]       _.map(s => TokenScope.unwrap(s)).mkString(",")
9-scalaMainClasses-0960]                                    ^
9-scalaMainClasses-0960] Found:    (s : ubc.githubgateway.domain.internal.TokenScope)
9-scalaMainClasses-0960] Required: ubc.githubgateway.domain.internal.TokenScope.Type
9-scalaMainClasses-0960] 
9-scalaMainClasses-0960] [error] three errors found
9-scalaMainClasses-0960] [error] provider-gateways.github-gateway.domain.domainPrivateAdapterExtensions.magnum.compile task failed
9-scalaMainClasses-0964] done compiling
9-scalaMainClasses-0976] [error] provider-gateways/github-gateway/core/core-impl/src/ubc/githubgateway/core/GitHubGatewayService.scala:26:76
9-scalaMainClasses-0976]       _          <- ZIO.fail(Exception(s"No token for user ${UserId.unwrap(userId)}")).when(maybeToken.isEmpty)
9-scalaMainClasses-0976]                                                                            ^^^^^^
9-scalaMainClasses-0976] Found:    (userId : ubc.githubgateway.domain.internal.UserId)
9-scalaMainClasses-0976] Required: ubc.githubgateway.domain.internal.UserId.Type
9-scalaMainClasses-0976] 
9-scalaMainClasses-0976] [error] provider-gateways/github-gateway/core/core-impl/src/ubc/githubgateway/core/GitHubGatewayService.scala:33:76
9-scalaMainClasses-0976]       _          <- ZIO.fail(Exception(s"No token for user ${UserId.unwrap(userId)}")).when(maybeToken.isEmpty)
9-scalaMainClasses-0976]                                                                            ^^^^^^
9-scalaMainClasses-0976] Found:    (userId : ubc.githubgateway.domain.internal.UserId)
9-scalaMainClasses-0976] Required: ubc.githubgateway.domain.internal.UserId.Type
9-scalaMainClasses-0976] 
9-scalaMainClasses-0976] [error] three errors found
9-scalaMainClasses-0976] [error] provider-gateways.github-gateway.core.core-impl.compile task failed
9-scalaMainClasses-0985] done compiling
9-scalaMainClasses] [warn] provider-gateways.github-gateway.core.core-impl.compile Compilation failed
9-scalaMainClasses] Failed
9-scalaMainClasses] Evaluating 1 task
9-scalaMainClasses] Done
9-scalaMainClasses] buildTargetScalaMainClasses took 5578 msec
10-scalaTestClasses] Entered buildTargetScalaTestClasses
10-scalaTestClasses] buildTargetScalaTestClasses took 1 msec
11-compile] Entered buildTargetCompile
11-compile] Evaluating 2 tasks
11-compile-661] compiling 1 Scala source to .bsp/out/provider-gateways/github-gateway/domain/domainPublicAdapterExtensions/magnum/semanticDbDataDetailed.dest/classes ...
11-compile-672] compiling 1 Scala source to .bsp/out/provider-gateways/github-gateway/core/core-impl/semanticDbDataDetailed.dest/classes ...
11-compile-669] compiling 1 Scala source to .bsp/out/provider-gateways/github-gateway/domain/domainPrivateAdapterExtensions/magnum/semanticDbDataDetailed.dest/classes ...
11-compile-678] compiling 1 Scala source to .bsp/out/provider-gateways/github-gateway/domain/domainPrivateAdapterExtensions/zio-json/semanticDbDataDetailed.dest/classes ...
11-compile-669] [error] provider-gateways/github-gateway/domain/domainPrivateAdapterExtensions/magnum/src/ubc/githubgateway/domain/internal/adapters/magnum/PrivateMagnumCodecs.scala:9:83
11-compile-669]   given DbCodec[UserId]     = DbCodec[String].biMap(UserId(_), u => UserId.unwrap(u))
11-compile-669]                                                                                   ^
11-compile-669] Found:    (u : ubc.githubgateway.domain.internal.UserId)
11-compile-669] Required: ubc.githubgateway.domain.internal.UserId.Type
11-compile-669] 
11-compile-669] [error] provider-gateways/github-gateway/domain/domainPrivateAdapterExtensions/magnum/src/ubc/githubgateway/domain/internal/adapters/magnum/PrivateMagnumCodecs.scala:10:91
11-compile-669]   given DbCodec[TokenScope] = DbCodec[String].biMap(TokenScope(_), s => TokenScope.unwrap(s))
11-compile-669]                                                                                           ^
11-compile-669] Found:    (s : ubc.githubgateway.domain.internal.TokenScope)
11-compile-669] Required: ubc.githubgateway.domain.internal.TokenScope.Type
11-compile-669] 
11-compile-669] [error] provider-gateways/github-gateway/domain/domainPrivateAdapterExtensions/magnum/src/ubc/githubgateway/domain/internal/adapters/magnum/PrivateMagnumCodecs.scala:16:36
11-compile-669]       _.map(s => TokenScope.unwrap(s)).mkString(",")
11-compile-669]                                    ^
11-compile-669] Found:    (s : ubc.githubgateway.domain.internal.TokenScope)
11-compile-669] Required: ubc.githubgateway.domain.internal.TokenScope.Type
11-compile-669] 
11-compile-669] [error] three errors found
11-compile-669] [error] provider-gateways.github-gateway.domain.domainPrivateAdapterExtensions.magnum.semanticDbDataDetailed task failed
11-compile-672] [error] provider-gateways/github-gateway/core/core-impl/src/ubc/githubgateway/core/GitHubGatewayService.scala:15:16
11-compile-672]       userId = userId,
11-compile-672]                ^^^^^^
11-compile-672] Found:    (userId : ubc.githubgateway.domain.internal.UserId)
11-compile-672] Required: ubc.githubgateway.domain.internal.UserId²
11-compile-672] 
11-compile-672] where:    UserId  is a class in package ubc.githubgateway.domain.internal
11-compile-672]           UserId² is a type in the top-level definitions in package internal which is an alias of ubc.githubgateway.domain.internal.UserId.Type
11-compile-672] 
11-compile-672] 
11-compile-661] done compiling
11-compile-672] [error] provider-gateways/github-gateway/core/core-impl/src/ubc/githubgateway/core/GitHubGatewayService.scala:26:76
11-compile-672]       _          <- ZIO.fail(Exception(s"No token for user ${UserId.unwrap(userId)}")).when(maybeToken.isEmpty)
11-compile-672]                                                                            ^^^^^^
11-compile-672] Found:    (userId : ubc.githubgateway.domain.internal.UserId)
11-compile-672] Required: ubc.githubgateway.domain.internal.UserId.Type
11-compile-672] 
11-compile-672] [error] provider-gateways/github-gateway/core/core-impl/src/ubc/githubgateway/core/GitHubGatewayService.scala:33:76
11-compile-672]       _          <- ZIO.fail(Exception(s"No token for user ${UserId.unwrap(userId)}")).when(maybeToken.isEmpty)
11-compile-672]                                                                            ^^^^^^
11-compile-672] Found:    (userId : ubc.githubgateway.domain.internal.UserId)
11-compile-672] Required: ubc.githubgateway.domain.internal.UserId.Type
11-compile-672] 
11-compile-672] [error] three errors found
11-compile-672] [error] provider-gateways.github-gateway.core.core-impl.semanticDbDataDetailed task failed
11-compile-678] done compiling
11-compile] Done
11-compile] buildTargetCompile took 1647 msec
12-scalaMainClasses] Entered buildTargetScalaMainClasses
12-scalaMainClasses] Evaluating 2 tasks
12-scalaMainClasses-609] compiling 1 Scala source to .bsp/out/provider-gateways/github-gateway/domain/domainPrivateAdapterExtensions/magnum/compile.dest/classes ...
12-scalaMainClasses-613] compiling 1 Scala source to .bsp/out/provider-gateways/github-gateway/core/core-impl/compile.dest/classes ...
12-scalaMainClasses-609] [error] provider-gateways/github-gateway/domain/domainPrivateAdapterExtensions/magnum/src/ubc/githubgateway/domain/internal/adapters/magnum/PrivateMagnumCodecs.scala:9:83
12-scalaMainClasses-609]   given DbCodec[UserId]     = DbCodec[String].biMap(UserId(_), u => UserId.unwrap(u))
12-scalaMainClasses-609]                                                                                   ^
12-scalaMainClasses-609] Found:    (u : ubc.githubgateway.domain.internal.UserId)
12-scalaMainClasses-609] Required: ubc.githubgateway.domain.internal.UserId.Type
12-scalaMainClasses-609] 
12-scalaMainClasses-609] [error] provider-gateways/github-gateway/domain/domainPrivateAdapterExtensions/magnum/src/ubc/githubgateway/domain/internal/adapters/magnum/PrivateMagnumCodecs.scala:10:91
12-scalaMainClasses-609]   given DbCodec[TokenScope] = DbCodec[String].biMap(TokenScope(_), s => TokenScope.unwrap(s))
12-scalaMainClasses-609]                                                                                           ^
12-scalaMainClasses-609] Found:    (s : ubc.githubgateway.domain.internal.TokenScope)
12-scalaMainClasses-609] Required: ubc.githubgateway.domain.internal.TokenScope.Type
12-scalaMainClasses-609] 
12-scalaMainClasses-609] [error] provider-gateways/github-gateway/domain/domainPrivateAdapterExtensions/magnum/src/ubc/githubgateway/domain/internal/adapters/magnum/PrivateMagnumCodecs.scala:16:36
12-scalaMainClasses-609]       _.map(s => TokenScope.unwrap(s)).mkString(",")
12-scalaMainClasses-609]                                    ^
12-scalaMainClasses-609] Found:    (s : ubc.githubgateway.domain.internal.TokenScope)
12-scalaMainClasses-609] Required: ubc.githubgateway.domain.internal.TokenScope.Type
12-scalaMainClasses-609] 
12-scalaMainClasses-609] [error] three errors found
12-scalaMainClasses-609] [error] provider-gateways.github-gateway.domain.domainPrivateAdapterExtensions.magnum.compile task failed
12-scalaMainClasses-613] [error] provider-gateways/github-gateway/core/core-impl/src/ubc/githubgateway/core/GitHubGatewayService.scala:15:16
12-scalaMainClasses-613]       userId = userId,
12-scalaMainClasses-613]                ^^^^^^
12-scalaMainClasses-613] Found:    (userId : ubc.githubgateway.domain.internal.UserId)
12-scalaMainClasses-613] Required: ubc.githubgateway.domain.internal.UserId²
12-scalaMainClasses-613] 
12-scalaMainClasses-613] where:    UserId  is a class in package ubc.githubgateway.domain.internal
12-scalaMainClasses-613]           UserId² is a type in the top-level definitions in package internal which is an alias of ubc.githubgateway.domain.internal.UserId.Type
12-scalaMainClasses-613] 
12-scalaMainClasses-613] 
12-scalaMainClasses-613] [error] provider-gateways/github-gateway/core/core-impl/src/ubc/githubgateway/core/GitHubGatewayService.scala:26:76
12-scalaMainClasses-613]       _          <- ZIO.fail(Exception(s"No token for user ${UserId.unwrap(userId)}")).when(maybeToken.isEmpty)
12-scalaMainClasses-613]                                                                            ^^^^^^
12-scalaMainClasses-613] Found:    (userId : ubc.githubgateway.domain.internal.UserId)
12-scalaMainClasses-613] Required: ubc.githubgateway.domain.internal.UserId.Type
12-scalaMainClasses-613] 
12-scalaMainClasses-613] [error] provider-gateways/github-gateway/core/core-impl/src/ubc/githubgateway/core/GitHubGatewayService.scala:33:76
12-scalaMainClasses-613]       _          <- ZIO.fail(Exception(s"No token for user ${UserId.unwrap(userId)}")).when(maybeToken.isEmpty)
12-scalaMainClasses-613]                                                                            ^^^^^^
12-scalaMainClasses-613] Found:    (userId : ubc.githubgateway.domain.internal.UserId)
12-scalaMainClasses-613] Required: ubc.githubgateway.domain.internal.UserId.Type
12-scalaMainClasses-613] 
12-scalaMainClasses-613] [error] three errors found
12-scalaMainClasses-613] [error] provider-gateways.github-gateway.core.core-impl.compile task failed
12-scalaMainClasses] [warn] provider-gateways.github-gateway.core.core-impl.compile Compilation failed
12-scalaMainClasses] Failed
12-scalaMainClasses] buildTargetScalaMainClasses took 689 msec
13-scalaTestClasses] Entered buildTargetScalaTestClasses
13-scalaTestClasses] buildTargetScalaTestClasses took 0 msec
14-jvmRunEnvironmentFor] Entered buildTargetJvmRunEnvironment
14-jvmRunEnvironmentFor] Evaluating 1 task
14-jvmRunEnvironmentFor] Done
14-jvmRunEnvironmentFor] buildTargetJvmRunEnvironment took 154 msec
15-jvmRunEnvironmentFor] Entered buildTargetJvmRunEnvironment
15-jvmRunEnvironmentFor] Evaluating 1 task
15-jvmRunEnvironmentFor] Done
15-jvmRunEnvironmentFor] buildTargetJvmRunEnvironment took 16 msec
16-compile] Entered buildTargetCompile
16-compile] buildTargetCompile took 0 msec
17-compile] Entered buildTargetCompile
17-compile] Evaluating 1 task
17-compile] Done
17-compile] Evaluating 2 tasks
17-compile-319] compiling 1 Scala source to .bsp/out/provider-gateways/github-gateway/domain/domainPrivateAdapterExtensions/magnum/semanticDbDataDetailed.dest/classes ...
17-compile-319] [error] provider-gateways/github-gateway/domain/domainPrivateAdapterExtensions/magnum/src/ubc/githubgateway/domain/internal/adapters/magnum/PrivateMagnumCodecs.scala:10:91
17-compile-319]   given DbCodec[TokenScope] = DbCodec[String].biMap(TokenScope(_), s => TokenScope.unwrap(s))
17-compile-319]                                                                                           ^
17-compile-319] Found:    (s : ubc.githubgateway.domain.internal.TokenScope)
17-compile-319] Required: ubc.githubgateway.domain.internal.TokenScope.Type
17-compile-319] 
17-compile-319] [error] provider-gateways/github-gateway/domain/domainPrivateAdapterExtensions/magnum/src/ubc/githubgateway/domain/internal/adapters/magnum/PrivateMagnumCodecs.scala:16:36
17-compile-319]       _.map(s => TokenScope.unwrap(s)).mkString(",")
17-compile-319]                                    ^
17-compile-319] Found:    (s : ubc.githubgateway.domain.internal.TokenScope)
17-compile-319] Required: ubc.githubgateway.domain.internal.TokenScope.Type
17-compile-319] 
17-compile-319] [error] two errors found
17-compile-319] [error] provider-gateways.github-gateway.domain.domainPrivateAdapterExtensions.magnum.semanticDbDataDetailed task failed
17-compile] Done
17-compile] buildTargetCompile took 366 msec
18-scalaMainClasses] Entered buildTargetScalaMainClasses
18-scalaMainClasses] Evaluating 1 task
18-scalaMainClasses] Done
18-scalaMainClasses] Evaluating 2 tasks
18-scalaMainClasses-299] compiling 1 Scala source to .bsp/out/provider-gateways/github-gateway/domain/domainPrivateAdapterExtensions/magnum/compile.dest/classes ...
18-scalaMainClasses-299] [error] provider-gateways/github-gateway/domain/domainPrivateAdapterExtensions/magnum/src/ubc/githubgateway/domain/internal/adapters/magnum/PrivateMagnumCodecs.scala:10:91
18-scalaMainClasses-299]   given DbCodec[TokenScope] = DbCodec[String].biMap(TokenScope(_), s => TokenScope.unwrap(s))
18-scalaMainClasses-299]                                                                                           ^
18-scalaMainClasses-299] Found:    (s : ubc.githubgateway.domain.internal.TokenScope)
18-scalaMainClasses-299] Required: ubc.githubgateway.domain.internal.TokenScope.Type
18-scalaMainClasses-299] 
18-scalaMainClasses-299] [error] provider-gateways/github-gateway/domain/domainPrivateAdapterExtensions/magnum/src/ubc/githubgateway/domain/internal/adapters/magnum/PrivateMagnumCodecs.scala:16:36
18-scalaMainClasses-299]       _.map(s => TokenScope.unwrap(s)).mkString(",")
18-scalaMainClasses-299]                                    ^
18-scalaMainClasses-299] Found:    (s : ubc.githubgateway.domain.internal.TokenScope)
18-scalaMainClasses-299] Required: ubc.githubgateway.domain.internal.TokenScope.Type
18-scalaMainClasses-299] 
18-scalaMainClasses-299] [error] two errors found
18-scalaMainClasses-299] [error] provider-gateways.github-gateway.domain.domainPrivateAdapterExtensions.magnum.compile task failed
18-scalaMainClasses] [warn] provider-gateways.github-gateway.domain.domainPrivateAdapterExtensions.magnum.compile Compilation failed
18-scalaMainClasses] Failed
18-scalaMainClasses] buildTargetScalaMainClasses took 319 msec
19-scalaTestClasses] Entered buildTargetScalaTestClasses
19-scalaTestClasses] buildTargetScalaTestClasses took 0 msec
20-compile] Entered buildTargetCompile
20-compile] buildTargetCompile took 1 msec
21-compile] Entered buildTargetCompile
21-compile] Evaluating 2 tasks
21-compile-317] compiling 1 Scala source to .bsp/out/provider-gateways/github-gateway/domain/domainPrivateAdapterExtensions/magnum/semanticDbDataDetailed.dest/classes ...
21-compile-317] [error] provider-gateways/github-gateway/domain/domainPrivateAdapterExtensions/magnum/src/ubc/githubgateway/domain/internal/adapters/magnum/PrivateMagnumCodecs.scala:10:84
21-compile-317]   given DbCodec[TokenScope] = DbCodec[String].biMap(TokenScope(_), s => TokenScope.value)
21-compile-317]                                                                                    ^^^^^
21-compile-317] value value is not a member of object ubc.githubgateway.domain.internal.TokenScope & object
21-compile-317]   ubc.githubgateway.domain.internal.TokenScope²
21-compile-317] 
21-compile-317] where:    TokenScope  is a object in the top-level definitions in package internal
21-compile-317]           TokenScope² is a object in package ubc.githubgateway.domain.internal
21-compile-317] 
21-compile-317] 
21-compile-317] [error] one error found
21-compile-317] [error] provider-gateways.github-gateway.domain.domainPrivateAdapterExtensions.magnum.semanticDbDataDetailed task failed
21-compile] Done
21-compile] buildTargetCompile took 259 msec
22-scalaMainClasses] Entered buildTargetScalaMainClasses
22-scalaMainClasses] Evaluating 2 tasks
22-scalaMainClasses-303] compiling 1 Scala source to .bsp/out/provider-gateways/github-gateway/domain/domainPrivateAdapterExtensions/magnum/compile.dest/classes ...
22-scalaMainClasses-303] [error] provider-gateways/github-gateway/domain/domainPrivateAdapterExtensions/magnum/src/ubc/githubgateway/domain/internal/adapters/magnum/PrivateMagnumCodecs.scala:10:84
22-scalaMainClasses-303]   given DbCodec[TokenScope] = DbCodec[String].biMap(TokenScope(_), s => TokenScope.value)
22-scalaMainClasses-303]                                                                                    ^^^^^
22-scalaMainClasses-303] value value is not a member of object ubc.githubgateway.domain.internal.TokenScope & object
22-scalaMainClasses-303]   ubc.githubgateway.domain.internal.TokenScope²
22-scalaMainClasses-303] 
22-scalaMainClasses-303] where:    TokenScope  is a object in the top-level definitions in package internal
22-scalaMainClasses-303]           TokenScope² is a object in package ubc.githubgateway.domain.internal
22-scalaMainClasses-303] 
22-scalaMainClasses-303] 
22-scalaMainClasses-303] [error] one error found
22-scalaMainClasses-303] [error] provider-gateways.github-gateway.domain.domainPrivateAdapterExtensions.magnum.compile task failed
22-scalaMainClasses] [warn] provider-gateways.github-gateway.domain.domainPrivateAdapterExtensions.magnum.compile Compilation failed
22-scalaMainClasses] Failed
22-scalaMainClasses] buildTargetScalaMainClasses took 201 msec
23-scalaTestClasses] Entered buildTargetScalaTestClasses
23-scalaTestClasses] buildTargetScalaTestClasses took 0 msec
24-compile] Entered buildTargetCompile
24-compile] Evaluating 2 tasks
24-compile-318] compiling 1 Scala source to .bsp/out/provider-gateways/github-gateway/domain/domainPrivateAdapterExtensions/magnum/semanticDbDataDetailed.dest/classes ...
24-compile-318] done compiling
24-compile-328] compiling 1 Scala source to .bsp/out/provider-gateways/github-gateway/core/adapters/magnum-token-repository/semanticDbDataDetailed.dest/classes ...
24-compile-328] provider-gateways/github-gateway/core/adapters/magnum-token-repository/src/ubc/githubgateway/core/adapters/magnum/MagnumTokenRepository.scala:19:7
24-compile-328]       sql"""
24-compile-328]       ^^^
24-compile-328] Could not find given DbCodec for token.userId. Using PreparedStatement::setObject instead.
24-compile-328] 
24-compile-328] [error] provider-gateways/github-gateway/core/adapters/magnum-token-repository/src/ubc/githubgateway/core/adapters/magnum/MagnumTokenRepository.scala:13:40
24-compile-328] private given DbCodec[InternalToken] = DbCodec.derived[InternalToken]
24-compile-328]                                        ^^^^^^^^^^^^^^^^^^^^^^^^^^^^^^
24-compile-328] Cannot find a DbCodec instance for ubc.githubgateway.domain.internal.InternalToken$package.UserId.Type! Provide one or derive it.
24-compile-328] 
24-compile-328] [error] one error found
24-compile-328] [error] provider-gateways.github-gateway.core.adapters.magnum-token-repository.semanticDbDataDetailed task failed
24-compile] Done
24-compile] buildTargetCompile took 584 msec
25-scalaMainClasses] Entered buildTargetScalaMainClasses
25-scalaMainClasses] Evaluating 2 tasks
25-scalaMainClasses-299] compiling 1 Scala source to .bsp/out/provider-gateways/github-gateway/domain/domainPrivateAdapterExtensions/magnum/compile.dest/classes ...
25-scalaMainClasses-299] done compiling
25-scalaMainClasses-311] compiling 1 Scala source to .bsp/out/provider-gateways/github-gateway/core/adapters/magnum-token-repository/compile.dest/classes ...
25-scalaMainClasses-311] provider-gateways/github-gateway/core/adapters/magnum-token-repository/src/ubc/githubgateway/core/adapters/magnum/MagnumTokenRepository.scala:19:7
25-scalaMainClasses-311]       sql"""
25-scalaMainClasses-311]       ^^^
25-scalaMainClasses-311] Could not find given DbCodec for token.userId. Using PreparedStatement::setObject instead.
25-scalaMainClasses-311] 
25-scalaMainClasses-311] [error] provider-gateways/github-gateway/core/adapters/magnum-token-repository/src/ubc/githubgateway/core/adapters/magnum/MagnumTokenRepository.scala:13:40
25-scalaMainClasses-311] private given DbCodec[InternalToken] = DbCodec.derived[InternalToken]
25-scalaMainClasses-311]                                        ^^^^^^^^^^^^^^^^^^^^^^^^^^^^^^
25-scalaMainClasses-311] Cannot find a DbCodec instance for ubc.githubgateway.domain.internal.InternalToken$package.UserId.Type! Provide one or derive it.
25-scalaMainClasses-311] 
25-scalaMainClasses-311] [error] one error found
25-scalaMainClasses-311] [error] provider-gateways.github-gateway.core.adapters.magnum-token-repository.compile task failed
25-scalaMainClasses] [warn] provider-gateways.github-gateway.core.adapters.magnum-token-repository.compile Compilation failed
25-scalaMainClasses] Failed
25-scalaMainClasses] buildTargetScalaMainClasses took 521 msec
26-scalaTestClasses] Entered buildTargetScalaTestClasses
26-scalaTestClasses] buildTargetScalaTestClasses took 0 msec
27-compile] Entered buildTargetCompile
27-compile] buildTargetCompile took 0 msec
28-jvmRunEnvironmentFor] Entered buildTargetJvmRunEnvironment
28-jvmRunEnvironmentFor] Evaluating 1 task
28-jvmRunEnvironmentFor] Done
28-jvmRunEnvironmentFor] buildTargetJvmRunEnvironment took 38 msec
29-compile] Entered buildTargetCompile
29-compile] buildTargetCompile took 0 msec
30-compile] Entered buildTargetCompile
30-compile] Evaluating 2 tasks
30-compile-322] compiling 1 Scala source to .bsp/out/provider-gateways/github-gateway/domain/domainPublicAdapterExtensions/magnum/semanticDbDataDetailed.dest/classes ...
30-compile-322] [error] provider-gateways/github-gateway/domain/domainPublicAdapterExtensions/magnum/src/ubc/githubgateway/domain/adapters/magnum/PublicMagnumCodecs.scala:8:72
30-compile-322]   given DbCodec[GitHubRepoId] = DbCodec[Long].biMap(GitHubRepoId(_), _.value)
30-compile-322]                                                                        ^^^^^
30-compile-322] value value is not a member of ubc.githubgateway.domain.GitHubRepoId.Type
30-compile-322] 
30-compile-322] [error] provider-gateways/github-gateway/domain/domainPublicAdapterExtensions/magnum/src/ubc/githubgateway/domain/adapters/magnum/PublicMagnumCodecs.scala:9:70
30-compile-322]   given DbCodec[RepoName]     = DbCodec[String].biMap(RepoName(_), _.value)
30-compile-322]                                                                      ^^^^^
30-compile-322] value value is not a member of ubc.githubgateway.domain.RepoName.Type
30-compile-322] 
30-compile-322] [error] provider-gateways/github-gateway/domain/domainPublicAdapterExtensions/magnum/src/ubc/githubgateway/domain/adapters/magnum/PublicMagnumCodecs.scala:10:71
30-compile-322]   given DbCodec[RepoOwner]    = DbCodec[String].biMap(RepoOwner(_), _.value)
30-compile-322]                                                                       ^^^^^
30-compile-322] value value is not a member of ubc.githubgateway.domain.RepoOwner.Type
30-compile-322] 
30-compile-322] [error] provider-gateways/github-gateway/domain/domainPublicAdapterExtensions/magnum/src/ubc/githubgateway/domain/adapters/magnum/PublicMagnumCodecs.scala:11:69
30-compile-322]   given DbCodec[RepoUrl]      = DbCodec[String].biMap(RepoUrl(_), _.value)
30-compile-322]                                                                     ^^^^^
30-compile-322] value value is not a member of ubc.githubgateway.domain.RepoUrl.Type
30-compile-322] 
30-compile-322] [error] provider-gateways/github-gateway/domain/domainPublicAdapterExtensions/magnum/src/ubc/githubgateway/domain/adapters/magnum/PublicMagnumCodecs.scala:12:73
30-compile-322]   given DbCodec[GitHubToken]  = DbCodec[String].biMap(GitHubToken(_), _.value)
30-compile-322]                                                                         ^^^^^
30-compile-322] value value is not a member of ubc.githubgateway.domain.GitHubToken.Type
30-compile-322] 
30-compile-322] [error] provider-gateways/github-gateway/domain/domainPublicAdapterExtensions/magnum/src/ubc/githubgateway/domain/adapters/magnum/PublicMagnumCodecs.scala:13:67
30-compile-322]   given DbCodec[TokenId]      = DbCodec[Long].biMap(TokenId(_), _.value)
30-compile-322]                                                                   ^^^^^
30-compile-322] value value is not a member of ubc.githubgateway.domain.TokenId.Type
30-compile-322] 
30-compile-322] [error] 6 errors found
30-compile-322] [error] provider-gateways.github-gateway.domain.domainPublicAdapterExtensions.magnum.semanticDbDataDetailed task failed
30-compile] Done
30-compile] buildTargetCompile took 321 msec
31-scalaTestClasses] Entered buildTargetScalaTestClasses
31-scalaTestClasses] buildTargetScalaTestClasses took 0 msec
32-scalaMainClasses] Entered buildTargetScalaMainClasses
32-scalaMainClasses] Evaluating 2 tasks
32-scalaMainClasses-299] compiling 1 Scala source to .bsp/out/provider-gateways/github-gateway/domain/domainPublicAdapterExtensions/magnum/compile.dest/classes ...
32-scalaMainClasses-299] [error] provider-gateways/github-gateway/domain/domainPublicAdapterExtensions/magnum/src/ubc/githubgateway/domain/adapters/magnum/PublicMagnumCodecs.scala:8:72
32-scalaMainClasses-299]   given DbCodec[GitHubRepoId] = DbCodec[Long].biMap(GitHubRepoId(_), _.value)
32-scalaMainClasses-299]                                                                        ^^^^^
32-scalaMainClasses-299] value value is not a member of ubc.githubgateway.domain.GitHubRepoId.Type
32-scalaMainClasses-299] 
32-scalaMainClasses-299] [error] provider-gateways/github-gateway/domain/domainPublicAdapterExtensions/magnum/src/ubc/githubgateway/domain/adapters/magnum/PublicMagnumCodecs.scala:9:70
32-scalaMainClasses-299]   given DbCodec[RepoName]     = DbCodec[String].biMap(RepoName(_), _.value)
32-scalaMainClasses-299]                                                                      ^^^^^
32-scalaMainClasses-299] value value is not a member of ubc.githubgateway.domain.RepoName.Type
32-scalaMainClasses-299] 
32-scalaMainClasses-299] [error] provider-gateways/github-gateway/domain/domainPublicAdapterExtensions/magnum/src/ubc/githubgateway/domain/adapters/magnum/PublicMagnumCodecs.scala:10:71
32-scalaMainClasses-299]   given DbCodec[RepoOwner]    = DbCodec[String].biMap(RepoOwner(_), _.value)
32-scalaMainClasses-299]                                                                       ^^^^^
32-scalaMainClasses-299] value value is not a member of ubc.githubgateway.domain.RepoOwner.Type
32-scalaMainClasses-299] 
32-scalaMainClasses-299] [error] provider-gateways/github-gateway/domain/domainPublicAdapterExtensions/magnum/src/ubc/githubgateway/domain/adapters/magnum/PublicMagnumCodecs.scala:11:69
32-scalaMainClasses-299]   given DbCodec[RepoUrl]      = DbCodec[String].biMap(RepoUrl(_), _.value)
32-scalaMainClasses-299]                                                                     ^^^^^
32-scalaMainClasses-299] value value is not a member of ubc.githubgateway.domain.RepoUrl.Type
32-scalaMainClasses-299] 
32-scalaMainClasses-299] [error] provider-gateways/github-gateway/domain/domainPublicAdapterExtensions/magnum/src/ubc/githubgateway/domain/adapters/magnum/PublicMagnumCodecs.scala:12:73
32-scalaMainClasses-299]   given DbCodec[GitHubToken]  = DbCodec[String].biMap(GitHubToken(_), _.value)
32-scalaMainClasses-299]                                                                         ^^^^^
32-scalaMainClasses-299] value value is not a member of ubc.githubgateway.domain.GitHubToken.Type
32-scalaMainClasses-299] 
32-scalaMainClasses-299] [error] provider-gateways/github-gateway/domain/domainPublicAdapterExtensions/magnum/src/ubc/githubgateway/domain/adapters/magnum/PublicMagnumCodecs.scala:13:67
32-scalaMainClasses-299]   given DbCodec[TokenId]      = DbCodec[Long].biMap(TokenId(_), _.value)
32-scalaMainClasses-299]                                                                   ^^^^^
32-scalaMainClasses-299] value value is not a member of ubc.githubgateway.domain.TokenId.Type
32-scalaMainClasses-299] 
32-scalaMainClasses-299] [error] 6 errors found
32-scalaMainClasses-299] [error] provider-gateways.github-gateway.domain.domainPublicAdapterExtensions.magnum.compile task failed
32-scalaMainClasses] [warn] provider-gateways.github-gateway.domain.domainPublicAdapterExtensions.magnum.compile Compilation failed
32-scalaMainClasses] Failed
32-scalaMainClasses] buildTargetScalaMainClasses took 285 msec
33-compile] Entered buildTargetCompile
33-compile] buildTargetCompile took 0 msec
34-compile] Entered buildTargetCompile
34-compile] Evaluating 2 tasks
34-compile-378] compiling 1 Scala source to .bsp/out/provider-gateways/github-gateway/core/core-impl/semanticDbDataDetailed.dest/classes ...
34-compile-378] [error] provider-gateways/github-gateway/core/core-impl/src/ubc/githubgateway/core/GitHubGatewayService.scala:15:16
34-compile-378]       userId = userId,
34-compile-378]                ^^^^^^
34-compile-378] Found:    (userId : ubc.githubgateway.domain.internal.UserId)
34-compile-378] Required: ubc.githubgateway.domain.internal.UserId²
34-compile-378] 
34-compile-378] where:    UserId  is a class in package ubc.githubgateway.domain.internal
34-compile-378]           UserId² is a type in the top-level definitions in package internal which is an alias of ubc.githubgateway.domain.internal.UserId.Type
34-compile-378] 
34-compile-378] 
34-compile-378] [error] one error found
34-compile-378] [error] provider-gateways.github-gateway.core.core-impl.semanticDbDataDetailed task failed
34-compile] Done
34-compile] buildTargetCompile took 529 msec
35-scalaMainClasses] Entered buildTargetScalaMainClasses
35-scalaMainClasses] Evaluating 2 tasks
35-scalaMainClasses-349] compiling 1 Scala source to .bsp/out/provider-gateways/github-gateway/core/core-impl/compile.dest/classes ...
35-scalaMainClasses-349] [error] provider-gateways/github-gateway/core/core-impl/src/ubc/githubgateway/core/GitHubGatewayService.scala:15:16
35-scalaMainClasses-349]       userId = userId,
35-scalaMainClasses-349]                ^^^^^^
35-scalaMainClasses-349] Found:    (userId : ubc.githubgateway.domain.internal.UserId)
35-scalaMainClasses-349] Required: ubc.githubgateway.domain.internal.UserId²
35-scalaMainClasses-349] 
35-scalaMainClasses-349] where:    UserId  is a class in package ubc.githubgateway.domain.internal
35-scalaMainClasses-349]           UserId² is a type in the top-level definitions in package internal which is an alias of ubc.githubgateway.domain.internal.UserId.Type
35-scalaMainClasses-349] 
35-scalaMainClasses-349] 
35-scalaMainClasses-349] [error] one error found
35-scalaMainClasses-349] [error] provider-gateways.github-gateway.core.core-impl.compile task failed
35-scalaMainClasses] [warn] provider-gateways.github-gateway.core.core-impl.compile Compilation failed
35-scalaMainClasses] Failed
35-scalaMainClasses] buildTargetScalaMainClasses took 348 msec
36-scalaTestClasses] Entered buildTargetScalaTestClasses
36-scalaTestClasses] buildTargetScalaTestClasses took 0 msec
37-compile] Entered buildTargetCompile
37-compile] Evaluating 1 task
37-compile-276] compiling 1 Scala source to .bsp/out/provider-gateways/github-gateway/core/adapters/tapir-github-client/semanticDbDataDetailed.dest/classes ...
37-compile-276] [error] provider-gateways/github-gateway/core/adapters/tapir-github-client/src/ubc/githubgateway/core/adapters/tapir/TapirGitHubClient.scala:44:21
37-compile-276]       .apply((owner.value, name.value))
37-compile-276]                     ^^^^^
37-compile-276] value value is not a member of ubc.githubgateway.domain.RepoOwner
37-compile-276] 
37-compile-276] [error] provider-gateways/github-gateway/core/adapters/tapir-github-client/src/ubc/githubgateway/core/adapters/tapir/TapirGitHubClient.scala:44:33
37-compile-276]       .apply((owner.value, name.value))
37-compile-276]                                 ^^^^^
37-compile-276] value value is not a member of ubc.githubgateway.domain.RepoName
37-compile-276] 
37-compile-276] [error] provider-gateways/github-gateway/core/adapters/tapir-github-client/src/ubc/githubgateway/core/adapters/tapir/TapirGitHubClient.scala:51:20
37-compile-276]       .apply(owner.value)
37-compile-276]                    ^^^^^
37-compile-276] value value is not a member of ubc.githubgateway.domain.RepoOwner
37-compile-276] 
37-compile-276] [error] three errors found
37-compile-276] [error] provider-gateways.github-gateway.core.adapters.tapir-github-client.semanticDbDataDetailed task failed
37-compile] Done
37-compile] buildTargetCompile took 795 msec
38-scalaMainClasses] Entered buildTargetScalaMainClasses
38-scalaMainClasses] Evaluating 1 task
38-scalaMainClasses-256] compiling 1 Scala source to .bsp/out/provider-gateways/github-gateway/core/adapters/tapir-github-client/compile.dest/classes ...
38-scalaMainClasses-256] [error] provider-gateways/github-gateway/core/adapters/tapir-github-client/src/ubc/githubgateway/core/adapters/tapir/TapirGitHubClient.scala:44:21
38-scalaMainClasses-256]       .apply((owner.value, name.value))
38-scalaMainClasses-256]                     ^^^^^
38-scalaMainClasses-256] value value is not a member of ubc.githubgateway.domain.RepoOwner
38-scalaMainClasses-256] 
38-scalaMainClasses-256] [error] provider-gateways/github-gateway/core/adapters/tapir-github-client/src/ubc/githubgateway/core/adapters/tapir/TapirGitHubClient.scala:44:33
38-scalaMainClasses-256]       .apply((owner.value, name.value))
38-scalaMainClasses-256]                                 ^^^^^
38-scalaMainClasses-256] value value is not a member of ubc.githubgateway.domain.RepoName
38-scalaMainClasses-256] 
38-scalaMainClasses-256] [error] provider-gateways/github-gateway/core/adapters/tapir-github-client/src/ubc/githubgateway/core/adapters/tapir/TapirGitHubClient.scala:51:20
38-scalaMainClasses-256]       .apply(owner.value)
38-scalaMainClasses-256]                    ^^^^^
38-scalaMainClasses-256] value value is not a member of ubc.githubgateway.domain.RepoOwner
38-scalaMainClasses-256] 
38-scalaMainClasses-256] [error] three errors found
38-scalaMainClasses-256] [error] provider-gateways.github-gateway.core.adapters.tapir-github-client.compile task failed
38-scalaMainClasses] [warn] provider-gateways.github-gateway.core.adapters.tapir-github-client.compile Compilation failed
38-scalaMainClasses] Failed
38-scalaMainClasses] buildTargetScalaMainClasses took 671 msec
39-scalaTestClasses] Entered buildTargetScalaTestClasses
39-scalaTestClasses] buildTargetScalaTestClasses took 0 msec
40-compile] Entered buildTargetCompile
40-compile] buildTargetCompile took 0 msec
41-compile] Entered buildTargetCompile
41-compile] buildTargetCompile took 1 msec
42-scalaMainClasses] Entered buildTargetScalaMainClasses
42-scalaMainClasses] Evaluating 4 tasks
42-scalaMainClasses-068] [warn] Detected 1 (out of 1) non-platform dependencies. This is often an error due to a missing second colon (:) before the version.
42-scalaMainClasses-068] Found io.github.kitlangton::neotype:0.4.10, did you mean io.github.kitlangton::neotype::0.4.10 ?
42-scalaMainClasses-163] [warn] Detected 1 (out of 1) non-platform dependencies. This is often an error due to a missing second colon (:) before the version.
42-scalaMainClasses-163] Found dev.zio::zio:2.1.17, did you mean dev.zio::zio::2.1.17 ?
42-scalaMainClasses-251] compiling 1 Scala source to .bsp/out/provider-gateways/github-gateway/presentation/compile.dest/classes ...
42-scalaMainClasses-255] compiling 1 Scala source to .bsp/out/ubc-control-plane/presentation/compile.dest/classes ...
42-scalaMainClasses-258] compiling 2 Scala sources to .bsp/out/provider-gateways/github-gateway/domain/domainPublic/js/compile.dest/classes ...
42-scalaMainClasses-258] done compiling
42-scalaMainClasses-264] compiling 1 Scala source to .bsp/out/provider-gateways/github-gateway/api/api-defn/js/compile.dest/classes ...
42-scalaMainClasses-251] done compiling
42-scalaMainClasses-255] done compiling
42-scalaMainClasses-264] done compiling
42-scalaMainClasses] Done
42-scalaMainClasses] buildTargetScalaMainClasses took 3006 msec
43-scalaTestClasses] Entered buildTargetScalaTestClasses
43-scalaTestClasses] buildTargetScalaTestClasses took 0 msec
44-compile] Entered buildTargetCompile
44-compile] Evaluating 2 tasks
44-compile-078] [warn] Detected 1 (out of 1) non-platform dependencies. This is often an error due to a missing second colon (:) before the version.
44-compile-078] Found io.github.kitlangton::neotype:0.4.10, did you mean io.github.kitlangton::neotype::0.4.10 ?
44-compile-124] [warn] Detected 1 (out of 1) non-platform dependencies. This is often an error due to a missing second colon (:) before the version.
44-compile-124] Found dev.zio::zio:2.1.17, did you mean dev.zio::zio::2.1.17 ?
44-compile-130] compiling 2 Scala sources to .bsp/out/provider-gateways/github-gateway/domain/domainPublic/js/semanticDbDataDetailed.dest/classes ...
44-compile-130] done compiling
44-compile-132] compiling 1 Scala source to .bsp/out/provider-gateways/github-gateway/api/api-defn/js/semanticDbDataDetailed.dest/classes ...
44-compile-132] done compiling
44-compile] Done
44-compile] buildTargetCompile took 757 msec
45-scalaMainClasses] Entered buildTargetScalaMainClasses
45-scalaMainClasses] Evaluating 2 tasks
45-scalaMainClasses-101] [warn] Detected 1 (out of 1) non-platform dependencies. This is often an error due to a missing second colon (:) before the version.
45-scalaMainClasses-101] Found io.github.kitlangton::neotype:0.4.10, did you mean io.github.kitlangton::neotype::0.4.10 ?
45-scalaMainClasses-125] [warn] Detected 1 (out of 1) non-platform dependencies. This is often an error due to a missing second colon (:) before the version.
45-scalaMainClasses-125] Found dev.zio::zio:2.1.17, did you mean dev.zio::zio::2.1.17 ?
45-scalaMainClasses] Done
45-scalaMainClasses] buildTargetScalaMainClasses took 30 msec
46-scalaTestClasses] Entered buildTargetScalaTestClasses
46-scalaTestClasses] buildTargetScalaTestClasses took 0 msec
47-compile] Entered buildTargetCompile
47-compile] Evaluating 2 tasks
47-compile-317] compiling 1 Scala source to .bsp/out/provider-gateways/github-gateway/domain/domainPublicAdapterExtensions/magnum/semanticDbDataDetailed.dest/classes ...
47-compile-317] done compiling
47-compile-327] compiling 1 Scala source to .bsp/out/provider-gateways/github-gateway/core/adapters/magnum-token-repository/semanticDbDataDetailed.dest/classes ...
47-compile-327] provider-gateways/github-gateway/core/adapters/magnum-token-repository/src/ubc/githubgateway/core/adapters/magnum/MagnumTokenRepository.scala:19:7
47-compile-327]       sql"""
47-compile-327]       ^^^
47-compile-327] Could not find given DbCodec for token.userId. Using PreparedStatement::setObject instead.
47-compile-327] 
47-compile-327] [error] provider-gateways/github-gateway/core/adapters/magnum-token-repository/src/ubc/githubgateway/core/adapters/magnum/MagnumTokenRepository.scala:13:40
47-compile-327] private given DbCodec[InternalToken] = DbCodec.derived[InternalToken]
47-compile-327]                                        ^^^^^^^^^^^^^^^^^^^^^^^^^^^^^^
47-compile-327] Cannot find a DbCodec instance for ubc.githubgateway.domain.internal.InternalToken$package.UserId.Type! Provide one or derive it.
47-compile-327] 
47-compile-327] [error] one error found
47-compile-327] [error] provider-gateways.github-gateway.core.adapters.magnum-token-repository.semanticDbDataDetailed task failed
47-compile] Done
47-compile] buildTargetCompile took 851 msec
48-scalaMainClasses] Entered buildTargetScalaMainClasses
48-scalaMainClasses] Evaluating 2 tasks
48-scalaMainClasses-299] compiling 1 Scala source to .bsp/out/provider-gateways/github-gateway/domain/domainPublicAdapterExtensions/magnum/compile.dest/classes ...
48-scalaMainClasses-299] done compiling
48-scalaMainClasses-311] compiling 1 Scala source to .bsp/out/provider-gateways/github-gateway/core/adapters/magnum-token-repository/compile.dest/classes ...
48-scalaMainClasses-311] provider-gateways/github-gateway/core/adapters/magnum-token-repository/src/ubc/githubgateway/core/adapters/magnum/MagnumTokenRepository.scala:19:7
48-scalaMainClasses-311]       sql"""
48-scalaMainClasses-311]       ^^^
48-scalaMainClasses-311] Could not find given DbCodec for token.userId. Using PreparedStatement::setObject instead.
48-scalaMainClasses-311] 
48-scalaMainClasses-311] [error] provider-gateways/github-gateway/core/adapters/magnum-token-repository/src/ubc/githubgateway/core/adapters/magnum/MagnumTokenRepository.scala:13:40
48-scalaMainClasses-311] private given DbCodec[InternalToken] = DbCodec.derived[InternalToken]
48-scalaMainClasses-311]                                        ^^^^^^^^^^^^^^^^^^^^^^^^^^^^^^
48-scalaMainClasses-311] Cannot find a DbCodec instance for ubc.githubgateway.domain.internal.InternalToken$package.UserId.Type! Provide one or derive it.
48-scalaMainClasses-311] 
48-scalaMainClasses-311] [error] one error found
48-scalaMainClasses-311] [error] provider-gateways.github-gateway.core.adapters.magnum-token-repository.compile task failed
48-scalaMainClasses] [warn] provider-gateways.github-gateway.core.adapters.magnum-token-repository.compile Compilation failed
48-scalaMainClasses] Failed
48-scalaMainClasses] buildTargetScalaMainClasses took 532 msec
49-scalaTestClasses] Entered buildTargetScalaTestClasses
49-scalaTestClasses] buildTargetScalaTestClasses took 0 msec
50-jvmRunEnvironmentFor] Entered buildTargetJvmRunEnvironment
50-jvmRunEnvironmentFor] Evaluating 1 task
50-jvmRunEnvironmentFor] Done
50-jvmRunEnvironmentFor] buildTargetJvmRunEnvironment took 26 msec
51-compile] Entered buildTargetCompile
51-compile] Evaluating 2 tasks
51-compile-376] compiling 1 Scala source to .bsp/out/provider-gateways/github-gateway/core/core-impl/semanticDbDataDetailed.dest/classes ...
51-compile-376] [error] provider-gateways/github-gateway/core/core-impl/src/ubc/githubgateway/core/GitHubGatewayService.scala:16:16
51-compile-376]       userId = userId,
51-compile-376]                ^^^^^^
51-compile-376] Found:    (userId : ubc.githubgateway.domain.internal.UserId)
51-compile-376] Required: ubc.githubgateway.domain.internal.UserId²
51-compile-376] 
51-compile-376] where:    UserId  is a class in package ubc.githubgateway.domain.internal
51-compile-376]           UserId² is a type in the top-level definitions in package internal which is an alias of ubc.githubgateway.domain.internal.UserId.Type
51-compile-376] 
51-compile-376] 
51-compile-376] [error] one error found
51-compile-376] [error] provider-gateways.github-gateway.core.core-impl.semanticDbDataDetailed task failed
51-compile] Done
51-compile] buildTargetCompile took 402 msec
52-scalaMainClasses] Entered buildTargetScalaMainClasses
52-scalaMainClasses] Evaluating 2 tasks
52-scalaMainClasses-349] compiling 1 Scala source to .bsp/out/provider-gateways/github-gateway/core/core-impl/compile.dest/classes ...
52-scalaMainClasses-349] [error] provider-gateways/github-gateway/core/core-impl/src/ubc/githubgateway/core/GitHubGatewayService.scala:16:16
52-scalaMainClasses-349]       userId = userId,
52-scalaMainClasses-349]                ^^^^^^
52-scalaMainClasses-349] Found:    (userId : ubc.githubgateway.domain.internal.UserId)
52-scalaMainClasses-349] Required: ubc.githubgateway.domain.internal.UserId²
52-scalaMainClasses-349] 
52-scalaMainClasses-349] where:    UserId  is a class in package ubc.githubgateway.domain.internal
52-scalaMainClasses-349]           UserId² is a type in the top-level definitions in package internal which is an alias of ubc.githubgateway.domain.internal.UserId.Type
52-scalaMainClasses-349] 
52-scalaMainClasses-349] 
52-scalaMainClasses-349] [error] one error found
52-scalaMainClasses-349] [error] provider-gateways.github-gateway.core.core-impl.compile task failed
52-scalaMainClasses] [warn] provider-gateways.github-gateway.core.core-impl.compile Compilation failed
52-scalaMainClasses] Failed
52-scalaMainClasses] buildTargetScalaMainClasses took 364 msec
53-scalaTestClasses] Entered buildTargetScalaTestClasses
53-scalaTestClasses] buildTargetScalaTestClasses took 0 msec
54-compile] Entered buildTargetCompile
54-compile] buildTargetCompile took 1 msec
55-compile] Entered buildTargetCompile
55-compile] Evaluating 2 tasks
55-compile-374] compiling 1 Scala source to .bsp/out/provider-gateways/github-gateway/core/core-impl/semanticDbDataDetailed.dest/classes ...
55-compile-374] [error] provider-gateways/github-gateway/core/core-impl/src/ubc/githubgateway/core/GitHubGatewayService.scala:16:16
55-compile-374]       userId = userId,
55-compile-374]                ^^^^^^
55-compile-374] Found:    (userId : ubc.githubgateway.domain.internal.UserId)
55-compile-374] Required: ubc.githubgateway.domain.internal.UserId²
55-compile-374] 
55-compile-374] where:    UserId  is a class in package ubc.githubgateway.domain.internal
55-compile-374]           UserId² is a type in the top-level definitions in package internal which is an alias of ubc.githubgateway.domain.internal.UserId.Type
55-compile-374] 
55-compile-374] 
55-compile-374] [error] provider-gateways/github-gateway/core/core-impl/src/ubc/githubgateway/core/GitHubGatewayService.scala:27:69
55-compile-374]       _          <- ZIO.fail(Exception(s"No token for user ${userId.unwrap}")).when(maybeToken.isEmpty)
55-compile-374]                                                                     ^^^^^^
55-compile-374] value unwrap is not a member of ubc.githubgateway.domain.internal.UserId.
55-compile-374] An extension method was tried, but could not be fully constructed:
55-compile-374] 
55-compile-374]     neotype.unwrap[A, ubc.githubgateway.domain.internal.UserId](userId)(
55-compile-374]       /* missing */
55-compile-374]         summon[neotype.Newtype.WithType[A, ubc.githubgateway.domain.internal.UserId]
55-compile-374]           ]
55-compile-374]     )
55-compile-374] 
55-compile-374]     failed with:
55-compile-374] 
55-compile-374]         No given instance of type neotype.Newtype.WithType[A, ubc.githubgateway.domain.internal.UserId] was found for parameter newtype of method unwrap in package neotype
55-compile-374]         
55-compile-374]         where:    A is a type variable
55-compile-374]         
55-compile-374] 
55-compile-374] [error] provider-gateways/github-gateway/core/core-impl/src/ubc/githubgateway/core/GitHubGatewayService.scala:34:69
55-compile-374]       _          <- ZIO.fail(Exception(s"No token for user ${userId.unwrap}")).when(maybeToken.isEmpty)
55-compile-374]                                                                     ^^^^^^
55-compile-374] value unwrap is not a member of ubc.githubgateway.domain.internal.UserId.
55-compile-374] An extension method was tried, but could not be fully constructed:
55-compile-374] 
55-compile-374]     neotype.unwrap[A, ubc.githubgateway.domain.internal.UserId](userId)(
55-compile-374]       /* missing */
55-compile-374]         summon[neotype.Newtype.WithType[A, ubc.githubgateway.domain.internal.UserId]
55-compile-374]           ]
55-compile-374]     )
55-compile-374] 
55-compile-374]     failed with:
55-compile-374] 
55-compile-374]         No given instance of type neotype.Newtype.WithType[A, ubc.githubgateway.domain.internal.UserId] was found for parameter newtype of method unwrap in package neotype
55-compile-374]         
55-compile-374]         where:    A is a type variable
55-compile-374]         
55-compile-374] 
55-compile-374] [error] three errors found
55-compile-374] [error] provider-gateways.github-gateway.core.core-impl.semanticDbDataDetailed task failed
55-compile] Done
55-compile] buildTargetCompile took 422 msec
56-scalaMainClasses] Entered buildTargetScalaMainClasses
56-scalaMainClasses] Evaluating 2 tasks
56-scalaMainClasses-349] compiling 1 Scala source to .bsp/out/provider-gateways/github-gateway/core/core-impl/compile.dest/classes ...
56-scalaMainClasses-349] [error] provider-gateways/github-gateway/core/core-impl/src/ubc/githubgateway/core/GitHubGatewayService.scala:16:16
56-scalaMainClasses-349]       userId = userId,
56-scalaMainClasses-349]                ^^^^^^
56-scalaMainClasses-349] Found:    (userId : ubc.githubgateway.domain.internal.UserId)
56-scalaMainClasses-349] Required: ubc.githubgateway.domain.internal.UserId²
56-scalaMainClasses-349] 
56-scalaMainClasses-349] where:    UserId  is a class in package ubc.githubgateway.domain.internal
56-scalaMainClasses-349]           UserId² is a type in the top-level definitions in package internal which is an alias of ubc.githubgateway.domain.internal.UserId.Type
56-scalaMainClasses-349] 
56-scalaMainClasses-349] 
56-scalaMainClasses-349] [error] provider-gateways/github-gateway/core/core-impl/src/ubc/githubgateway/core/GitHubGatewayService.scala:27:69
56-scalaMainClasses-349]       _          <- ZIO.fail(Exception(s"No token for user ${userId.unwrap}")).when(maybeToken.isEmpty)
56-scalaMainClasses-349]                                                                     ^^^^^^
56-scalaMainClasses-349] value unwrap is not a member of ubc.githubgateway.domain.internal.UserId.
56-scalaMainClasses-349] An extension method was tried, but could not be fully constructed:
56-scalaMainClasses-349] 
56-scalaMainClasses-349]     neotype.unwrap[A, ubc.githubgateway.domain.internal.UserId](userId)(
56-scalaMainClasses-349]       /* missing */
56-scalaMainClasses-349]         summon[neotype.Newtype.WithType[A, ubc.githubgateway.domain.internal.UserId]
56-scalaMainClasses-349]           ]
56-scalaMainClasses-349]     )
56-scalaMainClasses-349] 
56-scalaMainClasses-349]     failed with:
56-scalaMainClasses-349] 
56-scalaMainClasses-349]         No given instance of type neotype.Newtype.WithType[A, ubc.githubgateway.domain.internal.UserId] was found for parameter newtype of method unwrap in package neotype
56-scalaMainClasses-349]         
56-scalaMainClasses-349]         where:    A is a type variable
56-scalaMainClasses-349]         
56-scalaMainClasses-349] 
56-scalaMainClasses-349] [error] provider-gateways/github-gateway/core/core-impl/src/ubc/githubgateway/core/GitHubGatewayService.scala:34:69
56-scalaMainClasses-349]       _          <- ZIO.fail(Exception(s"No token for user ${userId.unwrap}")).when(maybeToken.isEmpty)
56-scalaMainClasses-349]                                                                     ^^^^^^
56-scalaMainClasses-349] value unwrap is not a member of ubc.githubgateway.domain.internal.UserId.
56-scalaMainClasses-349] An extension method was tried, but could not be fully constructed:
56-scalaMainClasses-349] 
56-scalaMainClasses-349]     neotype.unwrap[A, ubc.githubgateway.domain.internal.UserId](userId)(
56-scalaMainClasses-349]       /* missing */
56-scalaMainClasses-349]         summon[neotype.Newtype.WithType[A, ubc.githubgateway.domain.internal.UserId]
56-scalaMainClasses-349]           ]
56-scalaMainClasses-349]     )
56-scalaMainClasses-349] 
56-scalaMainClasses-349]     failed with:
56-scalaMainClasses-349] 
56-scalaMainClasses-349]         No given instance of type neotype.Newtype.WithType[A, ubc.githubgateway.domain.internal.UserId] was found for parameter newtype of method unwrap in package neotype
56-scalaMainClasses-349]         
56-scalaMainClasses-349]         where:    A is a type variable
56-scalaMainClasses-349]         
56-scalaMainClasses-349] 
56-scalaMainClasses-349] [error] three errors found
56-scalaMainClasses-349] [error] provider-gateways.github-gateway.core.core-impl.compile task failed
56-scalaMainClasses] [warn] provider-gateways.github-gateway.core.core-impl.compile Compilation failed
56-scalaMainClasses] Failed
56-scalaMainClasses] buildTargetScalaMainClasses took 356 msec
57-scalaTestClasses] Entered buildTargetScalaTestClasses
57-scalaTestClasses] buildTargetScalaTestClasses took 0 msec
58-compile] Entered buildTargetCompile
58-compile] Evaluating 1 task
58-compile-276] compiling 1 Scala source to .bsp/out/provider-gateways/github-gateway/core/adapters/tapir-github-client/semanticDbDataDetailed.dest/classes ...
58-compile-276] [error] provider-gateways/github-gateway/core/adapters/tapir-github-client/src/ubc/githubgateway/core/adapters/tapir/TapirGitHubClient.scala:46:21
58-compile-276]       .apply((owner.value, name.value))
58-compile-276]                     ^^^^^
58-compile-276] value value is not a member of ubc.githubgateway.domain.RepoOwner
58-compile-276] 
58-compile-276] [error] provider-gateways/github-gateway/core/adapters/tapir-github-client/src/ubc/githubgateway/core/adapters/tapir/TapirGitHubClient.scala:46:33
58-compile-276]       .apply((owner.value, name.value))
58-compile-276]                                 ^^^^^
58-compile-276] value value is not a member of ubc.githubgateway.domain.RepoName
58-compile-276] 
58-compile-276] [error] provider-gateways/github-gateway/core/adapters/tapir-github-client/src/ubc/githubgateway/core/adapters/tapir/TapirGitHubClient.scala:53:20
58-compile-276]       .apply(owner.value)
58-compile-276]                    ^^^^^
58-compile-276] value value is not a member of ubc.githubgateway.domain.RepoOwner
58-compile-276] 
58-compile-276] [error] three errors found
58-compile-276] [error] provider-gateways.github-gateway.core.adapters.tapir-github-client.semanticDbDataDetailed task failed
58-compile] Done
58-compile] buildTargetCompile took 579 msec
59-scalaMainClasses] Entered buildTargetScalaMainClasses
59-scalaMainClasses] Evaluating 1 task
59-scalaMainClasses-256] compiling 1 Scala source to .bsp/out/provider-gateways/github-gateway/core/adapters/tapir-github-client/compile.dest/classes ...
59-scalaMainClasses-256] [error] provider-gateways/github-gateway/core/adapters/tapir-github-client/src/ubc/githubgateway/core/adapters/tapir/TapirGitHubClient.scala:46:21
59-scalaMainClasses-256]       .apply((owner.value, name.value))
59-scalaMainClasses-256]                     ^^^^^
59-scalaMainClasses-256] value value is not a member of ubc.githubgateway.domain.RepoOwner
59-scalaMainClasses-256] 
59-scalaMainClasses-256] [error] provider-gateways/github-gateway/core/adapters/tapir-github-client/src/ubc/githubgateway/core/adapters/tapir/TapirGitHubClient.scala:46:33
59-scalaMainClasses-256]       .apply((owner.value, name.value))
59-scalaMainClasses-256]                                 ^^^^^
59-scalaMainClasses-256] value value is not a member of ubc.githubgateway.domain.RepoName
59-scalaMainClasses-256] 
59-scalaMainClasses-256] [error] provider-gateways/github-gateway/core/adapters/tapir-github-client/src/ubc/githubgateway/core/adapters/tapir/TapirGitHubClient.scala:53:20
59-scalaMainClasses-256]       .apply(owner.value)
59-scalaMainClasses-256]                    ^^^^^
59-scalaMainClasses-256] value value is not a member of ubc.githubgateway.domain.RepoOwner
59-scalaMainClasses-256] 
59-scalaMainClasses-256] [error] three errors found
59-scalaMainClasses-256] [error] provider-gateways.github-gateway.core.adapters.tapir-github-client.compile task failed
59-scalaMainClasses] [warn] provider-gateways.github-gateway.core.adapters.tapir-github-client.compile Compilation failed
59-scalaMainClasses] Failed
59-scalaMainClasses] buildTargetScalaMainClasses took 479 msec
60-scalaTestClasses] Entered buildTargetScalaTestClasses
60-scalaTestClasses] buildTargetScalaTestClasses took 0 msec
61-compile] Entered buildTargetCompile
61-compile] Evaluating 1 task
61-compile-276] compiling 1 Scala source to .bsp/out/provider-gateways/github-gateway/core/adapters/tapir-github-client/semanticDbDataDetailed.dest/classes ...
61-compile-276] done compiling
61-compile] Done
61-compile] buildTargetCompile took 1294 msec
62-scalaTestClasses] Entered buildTargetScalaTestClasses
62-scalaTestClasses] buildTargetScalaTestClasses took 1 msec
63-scalaMainClasses] Entered buildTargetScalaMainClasses
63-scalaMainClasses] Evaluating 1 task
63-scalaMainClasses-256] compiling 1 Scala source to .bsp/out/provider-gateways/github-gateway/core/adapters/tapir-github-client/compile.dest/classes ...
63-scalaMainClasses-256] done compiling
63-scalaMainClasses] Done
63-scalaMainClasses] buildTargetScalaMainClasses took 864 msec
64-compile] Entered buildTargetCompile
64-compile] Evaluating 1 task
64-compile-221] compiling 1 Scala source to .bsp/out/provider-gateways/github-gateway/domain/domainPrivateAdapterExtensions/zio-json/semanticDbDataDetailed.dest/classes ...
64-compile-221] [error] provider-gateways/github-gateway/domain/domainPrivateAdapterExtensions/zio-json/src/ubc/githubgateway/domain/internal/adapters/json/PrivateJsonCodecs.scala:9:61
64-compile-221]   given JsonCodec[UserId]        = summon[JsonCodec[UserId]]
64-compile-221]                                                             ^
64-compile-221] No given instance of type zio.json.JsonCodec[ubc.githubgateway.domain.internal.UserId] was found for parameter x of method summon in object Predef.
64-compile-221] I found:
64-compile-221] 
64-compile-221]     neotype.interop.ziojson.codec[A, ubc.githubgateway.domain.internal.UserId](
64-compile-221]       neotype.ValidatedWrappedType.newtypeValidated[A,
64-compile-221]         ubc.githubgateway.domain.internal.UserId](
64-compile-221]         /* missing */
64-compile-221]           summon[
64-compile-221]             neotype.Newtype.WithType[A, ubc.githubgateway.domain.internal.UserId]]
64-compile-221]         ,
64-compile-221]       ???),
64-compile-221]     ???)
64-compile-221] 
64-compile-221] But no implicit values were found that match type neotype.Newtype.WithType[A, ubc.githubgateway.domain.internal.UserId].
64-compile-221] 
64-compile-221] [error] provider-gateways/github-gateway/domain/domainPrivateAdapterExtensions/zio-json/src/ubc/githubgateway/domain/internal/adapters/json/PrivateJsonCodecs.scala:10:65
64-compile-221]   given JsonCodec[TokenScope]    = summon[JsonCodec[TokenScope]]
64-compile-221]                                                                 ^
64-compile-221] No given instance of type zio.json.JsonCodec[ubc.githubgateway.domain.internal.TokenScope] was found for parameter x of method summon in object Predef.
64-compile-221] I found:
64-compile-221] 
64-compile-221]     neotype.interop.ziojson.codec[A, ubc.githubgateway.domain.internal.TokenScope](
64-compile-221]       neotype.ValidatedWrappedType.newtypeValidated[A,
64-compile-221]         ubc.githubgateway.domain.internal.TokenScope](
64-compile-221]         /* missing */
64-compile-221]           summon[
64-compile-221]             neotype.Newtype.WithType[A, ubc.githubgateway.domain.internal.TokenScope
64-compile-221]               ]
64-compile-221]           ]
64-compile-221]         ,
64-compile-221]       ???),
64-compile-221]     ???)
64-compile-221] 
64-compile-221] But no implicit values were found that match type neotype.Newtype.WithType[A, ubc.githubgateway.domain.internal.TokenScope].
64-compile-221] 
64-compile-221] [error] two errors found
64-compile-221] [error] provider-gateways.github-gateway.domain.domainPrivateAdapterExtensions.zio-json.semanticDbDataDetailed task failed
64-compile] Done
64-compile] buildTargetCompile took 321 msec
65-scalaMainClasses] Entered buildTargetScalaMainClasses
65-scalaMainClasses] Evaluating 1 task
65-scalaMainClasses-209] compiling 1 Scala source to .bsp/out/provider-gateways/github-gateway/domain/domainPrivateAdapterExtensions/zio-json/compile.dest/classes ...
65-scalaMainClasses-209] [error] provider-gateways/github-gateway/domain/domainPrivateAdapterExtensions/zio-json/src/ubc/githubgateway/domain/internal/adapters/json/PrivateJsonCodecs.scala:9:61
65-scalaMainClasses-209]   given JsonCodec[UserId]        = summon[JsonCodec[UserId]]
65-scalaMainClasses-209]                                                             ^
65-scalaMainClasses-209] No given instance of type zio.json.JsonCodec[ubc.githubgateway.domain.internal.UserId] was found for parameter x of method summon in object Predef.
65-scalaMainClasses-209] I found:
65-scalaMainClasses-209] 
65-scalaMainClasses-209]     neotype.interop.ziojson.codec[A, ubc.githubgateway.domain.internal.UserId](
65-scalaMainClasses-209]       neotype.ValidatedWrappedType.newtypeValidated[A,
65-scalaMainClasses-209]         ubc.githubgateway.domain.internal.UserId](
65-scalaMainClasses-209]         /* missing */
65-scalaMainClasses-209]           summon[
65-scalaMainClasses-209]             neotype.Newtype.WithType[A, ubc.githubgateway.domain.internal.UserId]]
65-scalaMainClasses-209]         ,
65-scalaMainClasses-209]       ???),
65-scalaMainClasses-209]     ???)
65-scalaMainClasses-209] 
65-scalaMainClasses-209] But no implicit values were found that match type neotype.Newtype.WithType[A, ubc.githubgateway.domain.internal.UserId].
65-scalaMainClasses-209] 
65-scalaMainClasses-209] [error] provider-gateways/github-gateway/domain/domainPrivateAdapterExtensions/zio-json/src/ubc/githubgateway/domain/internal/adapters/json/PrivateJsonCodecs.scala:10:65
65-scalaMainClasses-209]   given JsonCodec[TokenScope]    = summon[JsonCodec[TokenScope]]
65-scalaMainClasses-209]                                                                 ^
65-scalaMainClasses-209] No given instance of type zio.json.JsonCodec[ubc.githubgateway.domain.internal.TokenScope] was found for parameter x of method summon in object Predef.
65-scalaMainClasses-209] I found:
65-scalaMainClasses-209] 
65-scalaMainClasses-209]     neotype.interop.ziojson.codec[A, ubc.githubgateway.domain.internal.TokenScope](
65-scalaMainClasses-209]       neotype.ValidatedWrappedType.newtypeValidated[A,
65-scalaMainClasses-209]         ubc.githubgateway.domain.internal.TokenScope](
65-scalaMainClasses-209]         /* missing */
65-scalaMainClasses-209]           summon[
65-scalaMainClasses-209]             neotype.Newtype.WithType[A, ubc.githubgateway.domain.internal.TokenScope
65-scalaMainClasses-209]               ]
65-scalaMainClasses-209]           ]
65-scalaMainClasses-209]         ,
65-scalaMainClasses-209]       ???),
65-scalaMainClasses-209]     ???)
65-scalaMainClasses-209] 
65-scalaMainClasses-209] But no implicit values were found that match type neotype.Newtype.WithType[A, ubc.githubgateway.domain.internal.TokenScope].
65-scalaMainClasses-209] 
65-scalaMainClasses-209] [error] two errors found
65-scalaMainClasses-209] [error] provider-gateways.github-gateway.domain.domainPrivateAdapterExtensions.zio-json.compile task failed
65-scalaMainClasses] [warn] provider-gateways.github-gateway.domain.domainPrivateAdapterExtensions.zio-json.compile Compilation failed
65-scalaMainClasses] Failed
65-scalaMainClasses] buildTargetScalaMainClasses took 285 msec
66-scalaTestClasses] Entered buildTargetScalaTestClasses
66-scalaTestClasses] buildTargetScalaTestClasses took 0 msec
67-compile] Entered buildTargetCompile
67-compile] buildTargetCompile took 0 msec
68-compile] Entered buildTargetCompile
68-compile] buildTargetCompile took 0 msec
30] type RepoName = RepoName.Type
131-scalaMainClasses-230]                          ^^^^
131-scalaMainClasses-230] type Type is not a member of object ubc.githubgateway.domain.RepoName
131-scalaMainClasses-230] 
131-scalaMainClasses-227] [error] provider-gateways/github-gateway/domain/domainPublic/src/ubc/githubgateway/domain/GitHubToken.scala:9:24
131-scalaMainClasses-227] type TokenId = TokenId.Type
131-scalaMainClasses-227]                        ^^^^
131-scalaMainClasses-227] type Type is not a member of object ubc.githubgateway.domain.TokenId
131-scalaMainClasses-227] 
131-scalaMainClasses-227] [error] 8 errors found
131-scalaMainClasses-227] [error] provider-gateways.github-gateway.domain.domainPublic.js.compile task failed
131-scalaMainClasses-230] [error] provider-gateways/github-gateway/domain/domainPublic/src/ubc/githubgateway/domain/GitHubRepo.scala:12:28
131-scalaMainClasses-230] type RepoOwner = RepoOwner.Type
131-scalaMainClasses-230]                            ^^^^
131-scalaMainClasses-230] type Type is not a member of object ubc.githubgateway.domain.RepoOwner
131-scalaMainClasses-230] 
131-scalaMainClasses-230] [error] provider-gateways/github-gateway/domain/domainPublic/src/ubc/githubgateway/domain/GitHubRepo.scala:15:24
131-scalaMainClasses-230] type RepoUrl = RepoUrl.Type
131-scalaMainClasses-230]                        ^^^^
131-scalaMainClasses-230] type Type is not a member of object ubc.githubgateway.domain.RepoUrl
131-scalaMainClasses-230] 
131-scalaMainClasses-230] [error] provider-gateways/github-gateway/domain/domainPublic/src/ubc/githubgateway/domain/GitHubToken.scala:3:8
131-scalaMainClasses-230] import neotype.*
131-scalaMainClasses-230]        ^^^^^^^
131-scalaMainClasses-230] Not found: neotype
131-scalaMainClasses-230] 
131-scalaMainClasses-230] [error] provider-gateways/github-gateway/domain/domainPublic/src/ubc/githubgateway/domain/GitHubToken.scala:6:32
131-scalaMainClasses-230] type GitHubToken = GitHubToken.Type
131-scalaMainClasses-230]                                ^^^^
131-scalaMainClasses-230] type Type is not a member of object ubc.githubgateway.domain.GitHubToken
131-scalaMainClasses-230] 
131-scalaMainClasses-230] [error] provider-gateways/github-gateway/domain/domainPublic/src/ubc/githubgateway/domain/GitHubToken.scala:9:24
131-scalaMainClasses-230] type TokenId = TokenId.Type
131-scalaMainClasses-230]                        ^^^^
131-scalaMainClasses-230] type Type is not a member of object ubc.githubgateway.domain.TokenId
131-scalaMainClasses-230] 
131-scalaMainClasses-230] [error] 8 errors found
131-scalaMainClasses-230] [error] provider-gateways.github-gateway.domain.domainPublic.jvm.compile task failed
131-scalaMainClasses] [warn] provider-gateways.github-gateway.domain.domainPublic.js.compile Compilation failed
131-scalaMainClasses] Failed
131-scalaMainClasses] buildTargetScalaMainClasses took 1863 msec
132-scalaTestClasses] Entered buildTargetScalaTestClasses
132-scalaTestClasses] buildTargetScalaTestClasses took 1 msec
133-compile] Entered buildTargetCompile
133-compile] Evaluating 3 tasks
133-compile-291] compiling 2 Scala sources to .bsp/out/provider-gateways/github-gateway/domain/domainPublic/jvm/semanticDbDataDetailed.dest/classes ...
133-compile-291] [error] provider-gateways/github-gateway/domain/domainPublic/src/ubc/githubgateway/domain/GitHubRepo.scala:3:8
133-compile-291] import neotype.*
133-compile-291]        ^^^^^^^
133-compile-291] Not found: neotype
133-compile-291] 
133-compile-291] [error] provider-gateways/github-gateway/domain/domainPublic/src/ubc/githubgateway/domain/GitHubRepo.scala:6:34
133-compile-291] type GitHubRepoId = GitHubRepoId.Type
133-compile-291]                                  ^^^^
133-compile-291] type Type is not a member of object ubc.githubgateway.domain.GitHubRepoId
133-compile-291] 
133-compile-291] [error] provider-gateways/github-gateway/domain/domainPublic/src/ubc/githubgateway/domain/GitHubRepo.scala:9:26
133-compile-291] type RepoName = RepoName.Type
133-compile-291]                          ^^^^
133-compile-291] type Type is not a member of object ubc.githubgateway.domain.RepoName
133-compile-291] 
133-compile-291] [error] provider-gateways/github-gateway/domain/domainPublic/src/ubc/githubgateway/domain/GitHubRepo.scala:12:28
133-compile-291] type RepoOwner = RepoOwner.Type
133-compile-291]                            ^^^^
133-compile-291] type Type is not a member of object ubc.githubgateway.domain.RepoOwner
133-compile-291] 
133-compile-291] [error] provider-gateways/github-gateway/domain/domainPublic/src/ubc/githubgateway/domain/GitHubRepo.scala:15:24
133-compile-291] type RepoUrl = RepoUrl.Type
133-compile-291]                        ^^^^
133-compile-291] type Type is not a member of object ubc.githubgateway.domain.RepoUrl
133-compile-291] 
133-compile-291] [error] provider-gateways/github-gateway/domain/domainPublic/src/ubc/githubgateway/domain/GitHubToken.scala:3:8
133-compile-291] import neotype.*
133-compile-291]        ^^^^^^^
133-compile-291] Not found: neotype
133-compile-291] 
133-compile-291] [error] provider-gateways/github-gateway/domain/domainPublic/src/ubc/githubgateway/domain/GitHubToken.scala:6:32
133-compile-291] type GitHubToken = GitHubToken.Type
133-compile-291]                                ^^^^
133-compile-291] type Type is not a member of object ubc.githubgateway.domain.GitHubToken
133-compile-291] 
133-compile-291] [error] provider-gateways/github-gateway/domain/domainPublic/src/ubc/githubgateway/domain/GitHubToken.scala:9:24
133-compile-291] type TokenId = TokenId.Type
133-compile-291]                        ^^^^
133-compile-291] type Type is not a member of object ubc.githubgateway.domain.TokenId
133-compile-291] 
133-compile-291] [error] 8 errors found
133-compile-291] [error] provider-gateways.github-gateway.domain.domainPublic.jvm.semanticDbDataDetailed task failed
133-compile] Done
133-compile] buildTargetCompile took 655 msec
134-dependencySources] Entered buildTargetDependencySources
134-dependencySources] Evaluating 22 tasks
134-dependencySources] Done
134-dependencySources] Evaluating 1 task
bsp-init] Another Mill process with PID 375258 is running 'IDE:buildTargetDependencySources', waiting for it to be done... (tail -F .bsp/out/mill-console-tail to see its progress)
134-dependencySources] Done
134-dependencySources] buildTargetDependencySources took 389 msec
bsp-init-build.mill-68] compiling 1 Scala source to .bsp/out/mill-build/compile.dest/classes ...
bsp-init-build.mill-68] [error] build.mill:110:16
bsp-init-build.mill-68]         object jvm extends Shared
bsp-init-build.mill-68]                ^
bsp-init-build.mill-68] non-private object jvm in object domainPublic refers to private trait Shared
bsp-init-build.mill-68] in its type signature mill.api.Module.BaseClass with
bsp-init-build.mill-68]   build_.package_.provider-gateways.github-gateway.domain.domainPublic.Shared
bsp-init-build.mill-68]   {...}
bsp-init-build.mill-68] 
bsp-init-build.mill-68] [error] build.mill:111:16
bsp-init-build.mill-68]         object js extends Shared with ScalaJSModule { def scalaJSVersion = scalaJSVer }
bsp-init-build.mill-68]                ^
bsp-init-build.mill-68] non-private object js in object domainPublic refers to private trait Shared
bsp-init-build.mill-68] in its type signature mill.api.Module.BaseClass with
bsp-init-build.mill-68]   build_.package_.provider-gateways.github-gateway.domain.domainPublic.Shared
bsp-init-build.mill-68]      with
bsp-init-build.mill-68] mill.scalajslib.ScalaJSModule {...}
bsp-init-build.mill-68] 
bsp-init-build.mill-68] [error] two errors found
bsp-init-build.mill-68] [error] compile task failed
bsp] [error] compile Compilation failed
135-scalaMainClasses] Entered buildTargetScalaMainClasses
bsp-watch] Watching for changes to 6 paths and 6 other values...
135-scalaMainClasses] Evaluating 3 tasks
135-scalaMainClasses-294] compiling 2 Scala sources to .bsp/out/provider-gateways/github-gateway/domain/domainPublic/jvm/compile.dest/classes ...
135-scalaMainClasses-294] [error] provider-gateways/github-gateway/domain/domainPublic/src/ubc/githubgateway/domain/GitHubRepo.scala:3:8
135-scalaMainClasses-294] import neotype.*
135-scalaMainClasses-294]        ^^^^^^^
135-scalaMainClasses-294] Not found: neotype
135-scalaMainClasses-294] 
135-scalaMainClasses-294] [error] provider-gateways/github-gateway/domain/domainPublic/src/ubc/githubgateway/domain/GitHubRepo.scala:6:34
135-scalaMainClasses-294] type GitHubRepoId = GitHubRepoId.Type
135-scalaMainClasses-294]                                  ^^^^
135-scalaMainClasses-294] type Type is not a member of object ubc.githubgateway.domain.GitHubRepoId
135-scalaMainClasses-294] 
135-scalaMainClasses-294] [error] provider-gateways/github-gateway/domain/domainPublic/src/ubc/githubgateway/domain/GitHubRepo.scala:9:26
135-scalaMainClasses-294] type RepoName = RepoName.Type
135-scalaMainClasses-294]                          ^^^^
135-scalaMainClasses-294] type Type is not a member of object ubc.githubgateway.domain.RepoName
135-scalaMainClasses-294] 
135-scalaMainClasses-294] [error] provider-gateways/github-gateway/domain/domainPublic/src/ubc/githubgateway/domain/GitHubRepo.scala:12:28
135-scalaMainClasses-294] type RepoOwner = RepoOwner.Type
135-scalaMainClasses-294]                            ^^^^
135-scalaMainClasses-294] type Type is not a member of object ubc.githubgateway.domain.RepoOwner
135-scalaMainClasses-294] 
135-scalaMainClasses-294] [error] provider-gateways/github-gateway/domain/domainPublic/src/ubc/githubgateway/domain/GitHubRepo.scala:15:24
135-scalaMainClasses-294] type RepoUrl = RepoUrl.Type
135-scalaMainClasses-294]                        ^^^^
135-scalaMainClasses-294] type Type is not a member of object ubc.githubgateway.domain.RepoUrl
135-scalaMainClasses-294] 
135-scalaMainClasses-294] [error] provider-gateways/github-gateway/domain/domainPublic/src/ubc/githubgateway/domain/GitHubToken.scala:3:8
135-scalaMainClasses-294] import neotype.*
135-scalaMainClasses-294]        ^^^^^^^
135-scalaMainClasses-294] Not found: neotype
135-scalaMainClasses-294] 
135-scalaMainClasses-294] [error] provider-gateways/github-gateway/domain/domainPublic/src/ubc/githubgateway/domain/GitHubToken.scala:6:32
135-scalaMainClasses-294] type GitHubToken = GitHubToken.Type
135-scalaMainClasses-294]                                ^^^^
135-scalaMainClasses-294] type Type is not a member of object ubc.githubgateway.domain.GitHubToken
135-scalaMainClasses-294] 
135-scalaMainClasses-294] [error] provider-gateways/github-gateway/domain/domainPublic/src/ubc/githubgateway/domain/GitHubToken.scala:9:24
135-scalaMainClasses-294] type TokenId = TokenId.Type
135-scalaMainClasses-294]                        ^^^^
135-scalaMainClasses-294] type Type is not a member of object ubc.githubgateway.domain.TokenId
135-scalaMainClasses-294] 
135-scalaMainClasses-294] [error] 8 errors found
135-scalaMainClasses-294] [error] provider-gateways.github-gateway.domain.domainPublic.jvm.compile task failed
135-scalaMainClasses] [warn] provider-gateways.github-gateway.domain.domainPublic.jvm.compile Compilation failed
135-scalaMainClasses] Failed
135-scalaMainClasses] buildTargetScalaMainClasses took 900 msec
136-scalaTestClasses] Entered buildTargetScalaTestClasses
136-scalaTestClasses] buildTargetScalaTestClasses took 1 msec
137-compile] buildTargetCompile was cancelled
138-dependencyModules] Entered buildTargetDependencyModules
138-dependencyModules] Evaluating 22 tasks
138-dependencyModules] Done
138-dependencyModules] Evaluating 1 task
138-dependencyModules] Done
138-dependencyModules] buildTargetDependencyModules took 298 msec
139-scalaMainClasses] Entered buildTargetScalaMainClasses
139-scalaMainClasses] Evaluating 1 task
139-scalaMainClasses-74] compiling 1 Scala source to .bsp/out/mill-build/compile.dest/classes ...
139-scalaMainClasses-74] [error] build.mill:110:16
139-scalaMainClasses-74]         object jvm extends Shared
139-scalaMainClasses-74]                ^
139-scalaMainClasses-74] non-private object jvm in object domainPublic refers to private trait Shared
139-scalaMainClasses-74] in its type signature mill.api.Module.BaseClass with
139-scalaMainClasses-74]   build_.package_.provider-gateways.github-gateway.domain.domainPublic.Shared
139-scalaMainClasses-74]   {...}
139-scalaMainClasses-74] 
139-scalaMainClasses-74] [error] build.mill:111:16
139-scalaMainClasses-74]         object js extends Shared with ScalaJSModule { def scalaJSVersion = scalaJSVer }
139-scalaMainClasses-74]                ^
139-scalaMainClasses-74] non-private object js in object domainPublic refers to private trait Shared
139-scalaMainClasses-74] in its type signature mill.api.Module.BaseClass with
139-scalaMainClasses-74]   build_.package_.provider-gateways.github-gateway.domain.domainPublic.Shared
139-scalaMainClasses-74]      with
139-scalaMainClasses-74] mill.scalajslib.ScalaJSModule {...}
139-scalaMainClasses-74] 
139-scalaMainClasses-74] [error] two errors found
139-scalaMainClasses-74] [error] compile task failed
139-scalaMainClasses] [warn] compile Compilation failed
139-scalaMainClasses] Failed
139-scalaMainClasses] buildTargetScalaMainClasses took 748 msec
140-scalaTestClasses] Entered buildTargetScalaTestClasses
140-scalaTestClasses] buildTargetScalaTestClasses took 0 msec
141-workspaceBuildTargets] Entered workspaceBuildTargets
141-workspaceBuildTargets] Evaluating 22 tasks
141-workspaceBuildTargets] Done
141-workspaceBuildTargets] Evaluating 1 task
141-workspaceBuildTargets] Done
141-workspaceBuildTargets] workspaceBuildTargets took 65 msec
142-compile] Entered buildTargetCompile
142-compile] Evaluating 1 task
142-compile-161] compiling 2 Scala sources to .bsp/out/provider-gateways/github-gateway/domain/domainPublic/jvm/semanticDbDataDetailed.dest/classes ...
142-compile-161] [error] provider-gateways/github-gateway/domain/domainPublic/src/ubc/githubgateway/domain/GitHubRepo.scala:3:8
142-compile-161] import neotype.*
142-compile-161]        ^^^^^^^
142-compile-161] Not found: neotype
142-compile-161] 
142-compile-161] [error] provider-gateways/github-gateway/domain/domainPublic/src/ubc/githubgateway/domain/GitHubRepo.scala:6:34
142-compile-161] type GitHubRepoId = GitHubRepoId.Type
142-compile-161]                                  ^^^^
142-compile-161] type Type is not a member of object ubc.githubgateway.domain.GitHubRepoId
142-compile-161] 
142-compile-161] [error] provider-gateways/github-gateway/domain/domainPublic/src/ubc/githubgateway/domain/GitHubRepo.scala:9:26
142-compile-161] type RepoName = RepoName.Type
142-compile-161]                          ^^^^
142-compile-161] type Type is not a member of object ubc.githubgateway.domain.RepoName
142-compile-161] 
142-compile-161] [error] provider-gateways/github-gateway/domain/domainPublic/src/ubc/githubgateway/domain/GitHubRepo.scala:12:28
142-compile-161] type RepoOwner = RepoOwner.Type
142-compile-161]                            ^^^^
142-compile-161] type Type is not a member of object ubc.githubgateway.domain.RepoOwner
142-compile-161] 
142-compile-161] [error] provider-gateways/github-gateway/domain/domainPublic/src/ubc/githubgateway/domain/GitHubRepo.scala:15:24
142-compile-161] type RepoUrl = RepoUrl.Type
142-compile-161]                        ^^^^
142-compile-161] type Type is not a member of object ubc.githubgateway.domain.RepoUrl
142-compile-161] 
142-compile-161] [error] provider-gateways/github-gateway/domain/domainPublic/src/ubc/githubgateway/domain/GitHubToken.scala:3:8
142-compile-161] import neotype.*
142-compile-161]        ^^^^^^^
142-compile-161] Not found: neotype
142-compile-161] 
142-compile-161] [error] provider-gateways/github-gateway/domain/domainPublic/src/ubc/githubgateway/domain/GitHubToken.scala:6:32
142-compile-161] type GitHubToken = GitHubToken.Type
142-compile-161]                                ^^^^
142-compile-161] type Type is not a member of object ubc.githubgateway.domain.GitHubToken
142-compile-161] 
142-compile-161] [error] provider-gateways/github-gateway/domain/domainPublic/src/ubc/githubgateway/domain/GitHubToken.scala:9:24
142-compile-161] type TokenId = TokenId.Type
142-compile-161]                        ^^^^
142-compile-161] type Type is not a member of object ubc.githubgateway.domain.TokenId
142-compile-161] 
142-compile-161] [error] 8 errors found
142-compile-161] [error] provider-gateways.github-gateway.domain.domainPublic.jvm.semanticDbDataDetailed task failed
142-compile] Done
142-compile] buildTargetCompile took 788 msec
143-scalacOptions] Entered buildTargetScalacOptions
143-scalacOptions] Evaluating 22 tasks
143-scalacOptions] Done
143-scalacOptions] Evaluating 1 task
143-scalacOptions] Done
143-scalacOptions] buildTargetScalacOptions took 54 msec
144-scalaMainClasses] Entered buildTargetScalaMainClasses
144-scalaMainClasses] Evaluating 1 task
144-scalaMainClasses-152] compiling 2 Scala sources to .bsp/out/provider-gateways/github-gateway/domain/domainPublic/jvm/compile.dest/classes ...
144-scalaMainClasses-152] [error] provider-gateways/github-gateway/domain/domainPublic/src/ubc/githubgateway/domain/GitHubRepo.scala:3:8
144-scalaMainClasses-152] import neotype.*
144-scalaMainClasses-152]        ^^^^^^^
144-scalaMainClasses-152] Not found: neotype
144-scalaMainClasses-152] 
144-scalaMainClasses-152] [error] provider-gateways/github-gateway/domain/domainPublic/src/ubc/githubgateway/domain/GitHubRepo.scala:6:34
144-scalaMainClasses-152] type GitHubRepoId = GitHubRepoId.Type
144-scalaMainClasses-152]                                  ^^^^
144-scalaMainClasses-152] type Type is not a member of object ubc.githubgateway.domain.GitHubRepoId
144-scalaMainClasses-152] 
144-scalaMainClasses-152] [error] provider-gateways/github-gateway/domain/domainPublic/src/ubc/githubgateway/domain/GitHubRepo.scala:9:26
144-scalaMainClasses-152] type RepoName = RepoName.Type
144-scalaMainClasses-152]                          ^^^^
144-scalaMainClasses-152] type Type is not a member of object ubc.githubgateway.domain.RepoName
144-scalaMainClasses-152] 
144-scalaMainClasses-152] [error] provider-gateways/github-gateway/domain/domainPublic/src/ubc/githubgateway/domain/GitHubRepo.scala:12:28
144-scalaMainClasses-152] type RepoOwner = RepoOwner.Type
144-scalaMainClasses-152]                            ^^^^
144-scalaMainClasses-152] type Type is not a member of object ubc.githubgateway.domain.RepoOwner
144-scalaMainClasses-152] 
144-scalaMainClasses-152] [error] provider-gateways/github-gateway/domain/domainPublic/src/ubc/githubgateway/domain/GitHubRepo.scala:15:24
144-scalaMainClasses-152] type RepoUrl = RepoUrl.Type
144-scalaMainClasses-152]                        ^^^^
144-scalaMainClasses-152] type Type is not a member of object ubc.githubgateway.domain.RepoUrl
144-scalaMainClasses-152] 
144-scalaMainClasses-152] [error] provider-gateways/github-gateway/domain/domainPublic/src/ubc/githubgateway/domain/GitHubToken.scala:3:8
144-scalaMainClasses-152] import neotype.*
144-scalaMainClasses-152]        ^^^^^^^
144-scalaMainClasses-152] Not found: neotype
144-scalaMainClasses-152] 
144-scalaMainClasses-152] [error] provider-gateways/github-gateway/domain/domainPublic/src/ubc/githubgateway/domain/GitHubToken.scala:6:32
144-scalaMainClasses-152] type GitHubToken = GitHubToken.Type
144-scalaMainClasses-152]                                ^^^^
144-scalaMainClasses-152] type Type is not a member of object ubc.githubgateway.domain.GitHubToken
144-scalaMainClasses-152] 
144-scalaMainClasses-152] [error] provider-gateways/github-gateway/domain/domainPublic/src/ubc/githubgateway/domain/GitHubToken.scala:9:24
144-scalaMainClasses-152] type TokenId = TokenId.Type
144-scalaMainClasses-152]                        ^^^^
144-scalaMainClasses-152] type Type is not a member of object ubc.githubgateway.domain.TokenId
144-scalaMainClasses-152] 
144-scalaMainClasses-152] [error] 8 errors found
144-scalaMainClasses-152] [error] provider-gateways.github-gateway.domain.domainPublic.jvm.compile task failed
144-scalaMainClasses] [warn] provider-gateways.github-gateway.domain.domainPublic.jvm.compile Compilation failed
144-scalaMainClasses] Failed
144-scalaMainClasses] buildTargetScalaMainClasses took 781 msec
145-compile] Entered buildTargetCompile
145-compile] Evaluating 1 task
145-compile-162] compiling 2 Scala sources to .bsp/out/provider-gateways/github-gateway/domain/domainPublic/jvm/semanticDbDataDetailed.dest/classes ...
145-compile-162] [error] provider-gateways/github-gateway/domain/domainPublic/src/ubc/githubgateway/domain/GitHubRepo.scala:3:8
145-compile-162] import neotype.*
145-compile-162]        ^^^^^^^
145-compile-162] Not found: neotype
145-compile-162] 
145-compile-162] [error] provider-gateways/github-gateway/domain/domainPublic/src/ubc/githubgateway/domain/GitHubRepo.scala:6:34
145-compile-162] type GitHubRepoId = GitHubRepoId.Type
145-compile-162]                                  ^^^^
145-compile-162] type Type is not a member of object ubc.githubgateway.domain.GitHubRepoId
145-compile-162] 
145-compile-162] [error] provider-gateways/github-gateway/domain/domainPublic/src/ubc/githubgateway/domain/GitHubRepo.scala:9:26
145-compile-162] type RepoName = RepoName.Type
145-compile-162]                          ^^^^
145-compile-162] type Type is not a member of object ubc.githubgateway.domain.RepoName
145-compile-162] 
145-compile-162] [error] provider-gateways/github-gateway/domain/domainPublic/src/ubc/githubgateway/domain/GitHubRepo.scala:12:28
145-compile-162] type RepoOwner = RepoOwner.Type
145-compile-162]                            ^^^^
145-compile-162] type Type is not a member of object ubc.githubgateway.domain.RepoOwner
145-compile-162] 
145-compile-162] [error] provider-gateways/github-gateway/domain/domainPublic/src/ubc/githubgateway/domain/GitHubRepo.scala:15:24
145-compile-162] type RepoUrl = RepoUrl.Type
145-compile-162]                        ^^^^
145-compile-162] type Type is not a member of object ubc.githubgateway.domain.RepoUrl
145-compile-162] 
145-compile-162] [error] provider-gateways/github-gateway/domain/domainPublic/src/ubc/githubgateway/domain/GitHubToken.scala:3:8
145-compile-162] import neotype.*
145-compile-162]        ^^^^^^^
145-compile-162] Not found: neotype
145-compile-162] 
145-compile-162] [error] provider-gateways/github-gateway/domain/domainPublic/src/ubc/githubgateway/domain/GitHubToken.scala:6:32
145-compile-162] type GitHubToken = GitHubToken.Type
145-compile-162]                                ^^^^
145-compile-162] type Type is not a member of object ubc.githubgateway.domain.GitHubToken
145-compile-162] 
145-compile-162] [error] provider-gateways/github-gateway/domain/domainPublic/src/ubc/githubgateway/domain/GitHubToken.scala:9:24
145-compile-162] type TokenId = TokenId.Type
145-compile-162]                        ^^^^
145-compile-162] type Type is not a member of object ubc.githubgateway.domain.TokenId
145-compile-162] 
145-compile-162] [error] 8 errors found
145-compile-162] [error] provider-gateways.github-gateway.domain.domainPublic.jvm.semanticDbDataDetailed task failed
145-compile] Done
145-compile] buildTargetCompile took 501 msec
146-scalaTestClasses] Entered buildTargetScalaTestClasses
146-scalaTestClasses] buildTargetScalaTestClasses took 0 msec
147-javacOptions] Entered buildTargetJavacOptions
147-javacOptions] Evaluating 22 tasks
147-javacOptions-349] [warn] Detected 1 (out of 1) non-platform dependencies. This is often an error due to a missing second colon (:) before the version.
147-javacOptions-349] Found dev.zio::zio:2.1.17, did you mean dev.zio::zio::2.1.17 ?
147-javacOptions] Done
147-javacOptions] Evaluating 1 task
147-javacOptions] Done
147-javacOptions] buildTargetJavacOptions took 145 msec
148-scalaMainClasses] Entered buildTargetScalaMainClasses
148-scalaMainClasses] Evaluating 1 task
148-scalaMainClasses-152] compiling 2 Scala sources to .bsp/out/provider-gateways/github-gateway/domain/domainPublic/jvm/compile.dest/classes ...
148-scalaMainClasses-152] [error] provider-gateways/github-gateway/domain/domainPublic/src/ubc/githubgateway/domain/GitHubRepo.scala:3:8
148-scalaMainClasses-152] import neotype.*
148-scalaMainClasses-152]        ^^^^^^^
148-scalaMainClasses-152] Not found: neotype
148-scalaMainClasses-152] 
148-scalaMainClasses-152] [error] provider-gateways/github-gateway/domain/domainPublic/src/ubc/githubgateway/domain/GitHubRepo.scala:6:34
148-scalaMainClasses-152] type GitHubRepoId = GitHubRepoId.Type
148-scalaMainClasses-152]                                  ^^^^
148-scalaMainClasses-152] type Type is not a member of object ubc.githubgateway.domain.GitHubRepoId
148-scalaMainClasses-152] 
148-scalaMainClasses-152] [error] provider-gateways/github-gateway/domain/domainPublic/src/ubc/githubgateway/domain/GitHubRepo.scala:9:26
148-scalaMainClasses-152] type RepoName = RepoName.Type
148-scalaMainClasses-152]                          ^^^^
148-scalaMainClasses-152] type Type is not a member of object ubc.githubgateway.domain.RepoName
148-scalaMainClasses-152] 
148-scalaMainClasses-152] [error] provider-gateways/github-gateway/domain/domainPublic/src/ubc/githubgateway/domain/GitHubRepo.scala:12:28
148-scalaMainClasses-152] type RepoOwner = RepoOwner.Type
148-scalaMainClasses-152]                            ^^^^
148-scalaMainClasses-152] type Type is not a member of object ubc.githubgateway.domain.RepoOwner
148-scalaMainClasses-152] 
148-scalaMainClasses-152] [error] provider-gateways/github-gateway/domain/domainPublic/src/ubc/githubgateway/domain/GitHubRepo.scala:15:24
148-scalaMainClasses-152] type RepoUrl = RepoUrl.Type
148-scalaMainClasses-152]                        ^^^^
148-scalaMainClasses-152] type Type is not a member of object ubc.githubgateway.domain.RepoUrl
148-scalaMainClasses-152] 
148-scalaMainClasses-152] [error] provider-gateways/github-gateway/domain/domainPublic/src/ubc/githubgateway/domain/GitHubToken.scala:3:8
148-scalaMainClasses-152] import neotype.*
148-scalaMainClasses-152]        ^^^^^^^
148-scalaMainClasses-152] Not found: neotype
148-scalaMainClasses-152] 
148-scalaMainClasses-152] [error] provider-gateways/github-gateway/domain/domainPublic/src/ubc/githubgateway/domain/GitHubToken.scala:6:32
148-scalaMainClasses-152] type GitHubToken = GitHubToken.Type
148-scalaMainClasses-152]                                ^^^^
148-scalaMainClasses-152] type Type is not a member of object ubc.githubgateway.domain.GitHubToken
148-scalaMainClasses-152] 
148-scalaMainClasses-152] [error] provider-gateways/github-gateway/domain/domainPublic/src/ubc/githubgateway/domain/GitHubToken.scala:9:24
148-scalaMainClasses-152] type TokenId = TokenId.Type
148-scalaMainClasses-152]                        ^^^^
148-scalaMainClasses-152] type Type is not a member of object ubc.githubgateway.domain.TokenId
148-scalaMainClasses-152] 
148-scalaMainClasses-152] [error] 8 errors found
148-scalaMainClasses-152] [error] provider-gateways.github-gateway.domain.domainPublic.jvm.compile task failed
148-scalaMainClasses] [warn] provider-gateways.github-gateway.domain.domainPublic.jvm.compile Compilation failed
148-scalaMainClasses] Failed
148-scalaMainClasses] buildTargetScalaMainClasses took 484 msec
149-scalaTestClasses] Entered buildTargetScalaTestClasses
149-scalaTestClasses] buildTargetScalaTestClasses took 0 msec
150-sources] Entered buildTargetSources
150-sources] Evaluating 22 tasks
150-sources] Done
150-sources] Evaluating 1 task
150-sources] Done
150-sources] buildTargetSources took 27 msec
151-dependencySources] Entered buildTargetDependencySources
151-dependencySources] Evaluating 22 tasks
151-dependencySources] Done
151-dependencySources] Evaluating 1 task
151-dependencySources] Done
151-dependencySources] buildTargetDependencySources took 69 msec
152-dependencyModules] Entered buildTargetDependencyModules
152-dependencyModules] Evaluating 22 tasks
152-dependencyModules] Done
152-dependencyModules] Evaluating 1 task
152-dependencyModules] Done
152-dependencyModules] buildTargetDependencyModules took 70 msec
153-scalaTestClasses] Entered buildTargetScalaTestClasses
153-scalaTestClasses] buildTargetScalaTestClasses took 1 msec
154-scalaMainClasses] Entered buildTargetScalaMainClasses
154-scalaMainClasses] Evaluating 18 tasks
154-scalaMainClasses-0281] compiling 1 Scala source to .bsp/out/writer/server/compile.dest/classes ...
154-scalaMainClasses-0282] compiling 2 Scala sources to .bsp/out/provider-gateways/github-gateway/domain/domainPublic/jvm/compile.dest/classes ...
154-scalaMainClasses-0927] compiling 1 Scala source to .bsp/out/ubc-control-plane/server/compile.dest/classes ...
154-scalaMainClasses-0926] compiling 1 Scala source to .bsp/out/reader/server/compile.dest/classes ...
154-scalaMainClasses-0921] compiling 1 Scala source to .bsp/out/extraction-service/server/compile.dest/classes ...
154-scalaMainClasses-0282] [error] provider-gateways/github-gateway/domain/domainPublic/src/ubc/githubgateway/domain/GitHubRepo.scala:3:8
154-scalaMainClasses-0282] import neotype.*
154-scalaMainClasses-0282]        ^^^^^^^
154-scalaMainClasses-0282] Not found: neotype
154-scalaMainClasses-0282] 
154-scalaMainClasses-0282] [error] provider-gateways/github-gateway/domain/domainPublic/src/ubc/githubgateway/domain/GitHubRepo.scala:6:34
154-scalaMainClasses-0282] type GitHubRepoId = GitHubRepoId.Type
154-scalaMainClasses-0282]                                  ^^^^
154-scalaMainClasses-0282] type Type is not a member of object ubc.githubgateway.domain.GitHubRepoId
154-scalaMainClasses-0282] 
154-scalaMainClasses-0282] [error] provider-gateways/github-gateway/domain/domainPublic/src/ubc/githubgateway/domain/GitHubRepo.scala:9:26
154-scalaMainClasses-0282] type RepoName = RepoName.Type
154-scalaMainClasses-0282]                          ^^^^
154-scalaMainClasses-0282] type Type is not a member of object ubc.githubgateway.domain.RepoName
154-scalaMainClasses-0282] 
154-scalaMainClasses-0282] [error] provider-gateways/github-gateway/domain/domainPublic/src/ubc/githubgateway/domain/GitHubRepo.scala:12:28
154-scalaMainClasses-0282] type RepoOwner = RepoOwner.Type
154-scalaMainClasses-0282]                            ^^^^
154-scalaMainClasses-0282] type Type is not a member of object ubc.githubgateway.domain.RepoOwner
154-scalaMainClasses-0282] 
154-scalaMainClasses-0282] [error] provider-gateways/github-gateway/domain/domainPublic/src/ubc/githubgateway/domain/GitHubRepo.scala:15:24
154-scalaMainClasses-0282] type RepoUrl = RepoUrl.Type
154-scalaMainClasses-0282]                        ^^^^
154-scalaMainClasses-0282] type Type is not a member of object ubc.githubgateway.domain.RepoUrl
154-scalaMainClasses-0282] 
154-scalaMainClasses-0282] [error] provider-gateways/github-gateway/domain/domainPublic/src/ubc/githubgateway/domain/GitHubToken.scala:3:8
154-scalaMainClasses-0282] import neotype.*
154-scalaMainClasses-0282]        ^^^^^^^
154-scalaMainClasses-0282] Not found: neotype
154-scalaMainClasses-0282] 
154-scalaMainClasses-0282] [error] provider-gateways/github-gateway/domain/domainPublic/src/ubc/githubgateway/domain/GitHubToken.scala:6:32
154-scalaMainClasses-0282] type GitHubToken = GitHubToken.Type
154-scalaMainClasses-0282]                                ^^^^
154-scalaMainClasses-0282] type Type is not a member of object ubc.githubgateway.domain.GitHubToken
154-scalaMainClasses-0282] 
154-scalaMainClasses-0282] [error] provider-gateways/github-gateway/domain/domainPublic/src/ubc/githubgateway/domain/GitHubToken.scala:9:24
154-scalaMainClasses-0282] type TokenId = TokenId.Type
154-scalaMainClasses-0282]                        ^^^^
154-scalaMainClasses-0282] type Type is not a member of object ubc.githubgateway.domain.TokenId
154-scalaMainClasses-0282] 
154-scalaMainClasses-0282] [error] 8 errors found
154-scalaMainClasses-0282] [error] provider-gateways.github-gateway.domain.domainPublic.jvm.compile task failed
154-scalaMainClasses-0927] done compiling
154-scalaMainClasses-0926] done compiling
154-scalaMainClasses-0921] done compiling
154-scalaMainClasses-0281] done compiling
154-scalaMainClasses] [warn] provider-gateways.github-gateway.domain.domainPublic.jvm.compile Compilation failed
154-scalaMainClasses] Failed
154-scalaMainClasses] Evaluating 1 task
154-scalaMainClasses-74] compiling 1 Scala source to .bsp/out/mill-build/compile.dest/classes ...
154-scalaMainClasses-74] [error] build.mill:110:16
154-scalaMainClasses-74]         object jvm extends Shared
154-scalaMainClasses-74]                ^
154-scalaMainClasses-74] non-private object jvm in object domainPublic refers to private trait Shared
154-scalaMainClasses-74] in its type signature mill.api.Module.BaseClass with
154-scalaMainClasses-74]   build_.package_.provider-gateways.github-gateway.domain.domainPublic.Shared
154-scalaMainClasses-74]   {...}
154-scalaMainClasses-74] 
154-scalaMainClasses-74] [error] build.mill:111:16
154-scalaMainClasses-74]         object js extends Shared with ScalaJSModule { def scalaJSVersion = scalaJSVer }
154-scalaMainClasses-74]                ^
154-scalaMainClasses-74] non-private object js in object domainPublic refers to private trait Shared
154-scalaMainClasses-74] in its type signature mill.api.Module.BaseClass with
154-scalaMainClasses-74]   build_.package_.provider-gateways.github-gateway.domain.domainPublic.Shared
154-scalaMainClasses-74]      with
154-scalaMainClasses-74] mill.scalajslib.ScalaJSModule {...}
154-scalaMainClasses-74] 
154-scalaMainClasses-74] [error] two errors found
154-scalaMainClasses-74] [error] compile task failed
154-scalaMainClasses] [warn] compile Compilation failed
154-scalaMainClasses] Failed
154-scalaMainClasses] buildTargetScalaMainClasses took 2694 msec
155-compile] Entered buildTargetCompile
155-compile] Evaluating 1 task
155-compile-160] compiling 2 Scala sources to .bsp/out/provider-gateways/github-gateway/domain/domainPublic/jvm/semanticDbDataDetailed.dest/classes ...
155-compile-160] [error] provider-gateways/github-gateway/domain/domainPublic/src/ubc/githubgateway/domain/GitHubRepo.scala:3:8
155-compile-160] import neotype.*
155-compile-160]        ^^^^^^^
155-compile-160] Not found: neotype
155-compile-160] 
155-compile-160] [error] provider-gateways/github-gateway/domain/domainPublic/src/ubc/githubgateway/domain/GitHubRepo.scala:6:34
155-compile-160] type GitHubRepoId = GitHubRepoId.Type
155-compile-160]                                  ^^^^
155-compile-160] type Type is not a member of object ubc.githubgateway.domain.GitHubRepoId
155-compile-160] 
155-compile-160] [error] provider-gateways/github-gateway/domain/domainPublic/src/ubc/githubgateway/domain/GitHubRepo.scala:9:26
155-compile-160] type RepoName = RepoName.Type
155-compile-160]                          ^^^^
155-compile-160] type Type is not a member of object ubc.githubgateway.domain.RepoName
155-compile-160] 
155-compile-160] [error] provider-gateways/github-gateway/domain/domainPublic/src/ubc/githubgateway/domain/GitHubRepo.scala:12:28
155-compile-160] type RepoOwner = RepoOwner.Type
155-compile-160]                            ^^^^
155-compile-160] type Type is not a member of object ubc.githubgateway.domain.RepoOwner
155-compile-160] 
155-compile-160] [error] provider-gateways/github-gateway/domain/domainPublic/src/ubc/githubgateway/domain/GitHubRepo.scala:15:24
155-compile-160] type RepoUrl = RepoUrl.Type
155-compile-160]                        ^^^^
155-compile-160] type Type is not a member of object ubc.githubgateway.domain.RepoUrl
155-compile-160] 
155-compile-160] [error] provider-gateways/github-gateway/domain/domainPublic/src/ubc/githubgateway/domain/GitHubToken.scala:3:8
155-compile-160] import neotype.*
155-compile-160]        ^^^^^^^
155-compile-160] Not found: neotype
155-compile-160] 
155-compile-160] [error] provider-gateways/github-gateway/domain/domainPublic/src/ubc/githubgateway/domain/GitHubToken.scala:6:32
155-compile-160] type GitHubToken = GitHubToken.Type
155-compile-160]                                ^^^^
155-compile-160] type Type is not a member of object ubc.githubgateway.domain.GitHubToken
155-compile-160] 
155-compile-160] [error] provider-gateways/github-gateway/domain/domainPublic/src/ubc/githubgateway/domain/GitHubToken.scala:9:24
155-compile-160] type TokenId = TokenId.Type
155-compile-160]                        ^^^^
155-compile-160] type Type is not a member of object ubc.githubgateway.domain.TokenId
155-compile-160] 
155-compile-160] [error] 8 errors found
155-compile-160] [error] provider-gateways.github-gateway.domain.domainPublic.jvm.semanticDbDataDetailed task failed
155-compile] Done
155-compile] buildTargetCompile took 588 msec
156-scalaMainClasses] Entered buildTargetScalaMainClasses
156-scalaMainClasses] Evaluating 1 task
156-scalaMainClasses-152] compiling 2 Scala sources to .bsp/out/provider-gateways/github-gateway/domain/domainPublic/jvm/compile.dest/classes ...
156-scalaMainClasses-152] [error] provider-gateways/github-gateway/domain/domainPublic/src/ubc/githubgateway/domain/GitHubRepo.scala:3:8
156-scalaMainClasses-152] import neotype.*
156-scalaMainClasses-152]        ^^^^^^^
156-scalaMainClasses-152] Not found: neotype
156-scalaMainClasses-152] 
156-scalaMainClasses-152] [error] provider-gateways/github-gateway/domain/domainPublic/src/ubc/githubgateway/domain/GitHubRepo.scala:6:34
156-scalaMainClasses-152] type GitHubRepoId = GitHubRepoId.Type
156-scalaMainClasses-152]                                  ^^^^
156-scalaMainClasses-152] type Type is not a member of object ubc.githubgateway.domain.GitHubRepoId
156-scalaMainClasses-152] 
156-scalaMainClasses-152] [error] provider-gateways/github-gateway/domain/domainPublic/src/ubc/githubgateway/domain/GitHubRepo.scala:9:26
156-scalaMainClasses-152] type RepoName = RepoName.Type
156-scalaMainClasses-152]                          ^^^^
156-scalaMainClasses-152] type Type is not a member of object ubc.githubgateway.domain.RepoName
156-scalaMainClasses-152] 
156-scalaMainClasses-152] [error] provider-gateways/github-gateway/domain/domainPublic/src/ubc/githubgateway/domain/GitHubRepo.scala:12:28
156-scalaMainClasses-152] type RepoOwner = RepoOwner.Type
156-scalaMainClasses-152]                            ^^^^
156-scalaMainClasses-152] type Type is not a member of object ubc.githubgateway.domain.RepoOwner
156-scalaMainClasses-152] 
156-scalaMainClasses-152] [error] provider-gateways/github-gateway/domain/domainPublic/src/ubc/githubgateway/domain/GitHubRepo.scala:15:24
156-scalaMainClasses-152] type RepoUrl = RepoUrl.Type
156-scalaMainClasses-152]                        ^^^^
156-scalaMainClasses-152] type Type is not a member of object ubc.githubgateway.domain.RepoUrl
156-scalaMainClasses-152] 
156-scalaMainClasses-152] [error] provider-gateways/github-gateway/domain/domainPublic/src/ubc/githubgateway/domain/GitHubToken.scala:3:8
156-scalaMainClasses-152] import neotype.*
156-scalaMainClasses-152]        ^^^^^^^
156-scalaMainClasses-152] Not found: neotype
156-scalaMainClasses-152] 
156-scalaMainClasses-152] [error] provider-gateways/github-gateway/domain/domainPublic/src/ubc/githubgateway/domain/GitHubToken.scala:6:32
156-scalaMainClasses-152] type GitHubToken = GitHubToken.Type
156-scalaMainClasses-152]                                ^^^^
156-scalaMainClasses-152] type Type is not a member of object ubc.githubgateway.domain.GitHubToken
156-scalaMainClasses-152] 
156-scalaMainClasses-152] [error] provider-gateways/github-gateway/domain/domainPublic/src/ubc/githubgateway/domain/GitHubToken.scala:9:24
156-scalaMainClasses-152] type TokenId = TokenId.Type
156-scalaMainClasses-152]                        ^^^^
156-scalaMainClasses-152] type Type is not a member of object ubc.githubgateway.domain.TokenId
156-scalaMainClasses-152] 
156-scalaMainClasses-152] [error] 8 errors found
156-scalaMainClasses-152] [error] provider-gateways.github-gateway.domain.domainPublic.jvm.compile task failed
156-scalaMainClasses] [warn] provider-gateways.github-gateway.domain.domainPublic.jvm.compile Compilation failed
156-scalaMainClasses] Failed
156-scalaMainClasses] buildTargetScalaMainClasses took 435 msec
157-scalaTestClasses] Entered buildTargetScalaTestClasses
157-scalaTestClasses] buildTargetScalaTestClasses took 1 msec
bsp-init-build.mill-68] compiling 1 Scala source to .bsp/out/mill-build/compile.dest/classes ...
bsp-init-build.mill-68] done compiling
158-compile] Entered buildTargetCompile
bsp-watch] Watching for changes to 6 paths and 6 other values...
158-compile] Evaluating 1 task
158-compile-68] compiling 3 Scala sources to .bsp/out/mill-build/semanticDbDataDetailed.dest/classes ...
158-compile-68] done compiling
158-compile] Done
158-compile] buildTargetCompile took 4126 msec
159-compile] Entered buildTargetCompile
159-compile] buildTargetCompile took 0 msec
160-workspaceBuildTargets] Entered workspaceBuildTargets
160-workspaceBuildTargets] Evaluating 22 tasks
160-workspaceBuildTargets] Done
160-workspaceBuildTargets] Evaluating 1 task
160-workspaceBuildTargets] Done
160-workspaceBuildTargets] workspaceBuildTargets took 967 msec
161-scalaTestClasses] Entered buildTargetScalaTestClasses
161-scalaTestClasses] buildTargetScalaTestClasses took 0 msec
162-scalaMainClasses] Entered buildTargetScalaMainClasses
162-scalaMainClasses] Evaluating 1 task
162-scalaMainClasses] Done
162-scalaMainClasses] buildTargetScalaMainClasses took 325 msec
163-scalacOptions] Entered buildTargetScalacOptions
163-scalacOptions] Evaluating 22 tasks
163-scalacOptions] Done
163-scalacOptions] Evaluating 1 task
163-scalacOptions] Done
163-scalacOptions] buildTargetScalacOptions took 259 msec
164-javacOptions] Entered buildTargetJavacOptions
164-javacOptions] Evaluating 22 tasks
164-javacOptions-503] [error] provider-gateways.github-gateway.domain.domainPublic.jvm.resolvedMvnDeps.super.javalib.JavaModule task failed
164-javacOptions-527] [error] provider-gateways.github-gateway.domain.domainPublicAdapterExtensions.magnum.resolvedMvnDeps.super.javalib.JavaModule task failed
164-javacOptions-529] [error] provider-gateways.github-gateway.domain.domainPrivate.resolvedMvnDeps.super.javalib.JavaModule task failed
164-javacOptions-523] [warn] Detected 1 (out of 1) non-platform dependencies. This is often an error due to a missing second colon (:) before the version.
164-javacOptions-523] Found io.indigoengine:tyrian-io_sjs1_3:0.14.0, did you mean io.indigoengine:tyrian-io_sjs1_3::0.14.0 ?
164-javacOptions-521] [warn] Detected 1 (out of 1) non-platform dependencies. This is often an error due to a missing second colon (:) before the version.
164-javacOptions-521] Found io.indigoengine:tyrian-io_sjs1_3:0.14.0, did you mean io.indigoengine:tyrian-io_sjs1_3::0.14.0 ?
164-javacOptions-533] [error] provider-gateways.github-gateway.domain.domainPrivateAdapterExtensions.magnum.resolvedMvnDeps.super.javalib.JavaModule task failed
164-javacOptions-524] [error] provider-gateways.github-gateway.api.api-defn.js.resolvedMvnDeps.super.javalib.JavaModule task failed
164-javacOptions-520] [error] provider-gateways.github-gateway.domain.domainPublic.js.resolvedMvnDeps.super.javalib.JavaModule task failed
164-javacOptions-532] [error] provider-gateways.github-gateway.api.api-defn.jvm.resolvedMvnDeps.super.javalib.JavaModule task failed
164-javacOptions-540] [error] provider-gateways.github-gateway.core.core-impl.resolvedMvnDeps.super.javalib.JavaModule task failed
164-javacOptions-535] [error] provider-gateways.github-gateway.core.ports.resolvedMvnDeps.super.javalib.JavaModule task failed
164-javacOptions-543] [error] provider-gateways.github-gateway.core.adapters.magnum-token-repository.resolvedMvnDeps.super.javalib.JavaModule task failed
164-javacOptions-539] [error] provider-gateways.github-gateway.api.external-api-adapters.http.resolvedMvnDeps.super.javalib.JavaModule task failed
164-javacOptions-544] [error] provider-gateways.github-gateway.api.internal-api-adapters.http.resolvedMvnDeps.super.javalib.JavaModule task failed
164-javacOptions-546] [error] provider-gateways.github-gateway.server.resolvedMvnDeps.super.javalib.JavaModule task failed
164-javacOptions-538] [error] provider-gateways.github-gateway.domain.domainPrivateAdapterExtensions.zio-json.resolvedMvnDeps.super.javalib.JavaModule task failed
164-javacOptions-542] [error] provider-gateways.github-gateway.core.adapters.tapir-github-client.resolvedMvnDeps.super.javalib.JavaModule task failed
164-javacOptions-525] [error] provider-gateways.github-gateway.domain.domainPublicAdapterExtensions.zio-json.resolvedMvnDeps.super.javalib.JavaModule task failed
164-javacOptions] [warn] provider-gateways.github-gateway.core.ports.resolvedMvnDeps.super.javalib.JavaModule
164-javacOptions] Failed
164-javacOptions] Evaluating 1 task
164-javacOptions] Done
164-javacOptions] buildTargetJavacOptions took 3404 msec
165-sources] Entered buildTargetSources
165-sources] Evaluating 22 tasks
165-sources] Done
165-sources] Evaluating 1 task
165-sources] Done
165-sources] buildTargetSources took 107 msec
166-dependencySources] Entered buildTargetDependencySources
166-dependencySources] Evaluating 22 tasks
166-dependencySources-340] [error] provider-gateways.github-gateway.domain.domainPrivate.internalBspJavaModule.bspBuildTargetDependencySources task failed
166-dependencySources-334] [error] provider-gateways.github-gateway.domain.domainPublic.jvm.internalBspJavaModule.bspBuildTargetDependencySources task failed
166-dependencySources-346] [error] provider-gateways.github-gateway.core.ports.internalBspJavaModule.bspBuildTargetDependencySources task failed
166-dependencySources-343] [error] provider-gateways.github-gateway.domain.domainPublicAdapterExtensions.magnum.internalBspJavaModule.bspBuildTargetDependencySources task failed
166-dependencySources-351] [error] provider-gateways.github-gateway.domain.domainPublic.js.internalBspJavaModule.bspBuildTargetDependencySources task failed
166-dependencySources-348] [error] provider-gateways.github-gateway.api.external-api-adapters.http.internalBspJavaModule.bspBuildTargetDependencySources task failed
166-dependencySources-337] [error] provider-gateways.github-gateway.domain.domainPublicAdapterExtensions.zio-json.internalBspJavaModule.bspBuildTargetDependencySources task failed
166-dependencySources-358] [error] provider-gateways.github-gateway.api.api-defn.js.internalBspJavaModule.bspBuildTargetDependencySources task failed
166-dependencySources-356] [error] provider-gateways.github-gateway.domain.domainPrivateAdapterExtensions.zio-json.internalBspJavaModule.bspBuildTargetDependencySources task failed
166-dependencySources-359] [error] provider-gateways.github-gateway.core.adapters.magnum-token-repository.internalBspJavaModule.bspBuildTargetDependencySources task failed
166-dependencySources-353] [error] provider-gateways.github-gateway.core.adapters.tapir-github-client.internalBspJavaModule.bspBuildTargetDependencySources task failed
166-dependencySources-360] [error] provider-gateways.github-gateway.api.internal-api-adapters.http.internalBspJavaModule.bspBuildTargetDependencySources task failed
166-dependencySources-355] [error] provider-gateways.github-gateway.core.core-impl.internalBspJavaModule.bspBuildTargetDependencySources task failed
166-dependencySources-362] [error] provider-gateways.github-gateway.server.internalBspJavaModule.bspBuildTargetDependencySources task failed
166-dependencySources-336] [error] provider-gateways.github-gateway.api.api-defn.jvm.internalBspJavaModule.bspBuildTargetDependencySources task failed
166-dependencySources-352] [error] provider-gateways.github-gateway.domain.domainPrivateAdapterExtensions.magnum.internalBspJavaModule.bspBuildTargetDependencySources task failed
166-dependencySources] [warn] provider-gateways.github-gateway.domain.domainPublic.js.internalBspJavaModule.bspBuildTargetDependencySources
166-dependencySources] Failed
166-dependencySources] Evaluating 1 task
166-dependencySources] Done
166-dependencySources] buildTargetDependencySources took 3231 msec
167-dependencyModules] Entered buildTargetDependencyModules
167-dependencyModules] Evaluating 22 tasks
167-dependencyModules-158] [error] provider-gateways.github-gateway.api.api-defn.js.internalBspJavaModule.bspBuildTargetDependencyModules task failed
167-dependencyModules-252] [error] provider-gateways.github-gateway.domain.domainPublic.jvm.internalBspJavaModule.bspBuildTargetDependencyModules task failed
167-dependencyModules-242] [error] provider-gateways.github-gateway.domain.domainPrivateAdapterExtensions.magnum.internalBspJavaModule.bspBuildTargetDependencyModules task failed
167-dependencyModules-130] [error] provider-gateways.github-gateway.api.api-defn.jvm.internalBspJavaModule.bspBuildTargetDependencyModules task failed
167-dependencyModules-238] [error] provider-gateways.github-gateway.domain.domainPrivate.internalBspJavaModule.bspBuildTargetDependencyModules task failed
167-dependencyModules-244] [error] provider-gateways.github-gateway.core.ports.internalBspJavaModule.bspBuildTargetDependencyModules task failed
167-dependencyModules-241] [error] provider-gateways.github-gateway.core.core-impl.internalBspJavaModule.bspBuildTargetDependencyModules task failed
167-dependencyModules-159] [error] provider-gateways.github-gateway.api.external-api-adapters.http.internalBspJavaModule.bspBuildTargetDependencyModules task failed
167-dependencyModules-354] [error] provider-gateways.github-gateway.domain.domainPublicAdapterExtensions.zio-json.internalBspJavaModule.bspBuildTargetDependencyModules task failed
167-dependencyModules-251] [error] provider-gateways.github-gateway.domain.domainPrivateAdapterExtensions.zio-json.internalBspJavaModule.bspBuildTargetDependencyModules task failed
167-dependencyModules-245] [error] provider-gateways.github-gateway.core.adapters.tapir-github-client.internalBspJavaModule.bspBuildTargetDependencyModules task failed
167-dependencyModules-249] [error] provider-gateways.github-gateway.core.adapters.magnum-token-repository.internalBspJavaModule.bspBuildTargetDependencyModules task failed
167-dependencyModules-362] [error] provider-gateways.github-gateway.server.internalBspJavaModule.bspBuildTargetDependencyModules task failed
167-dependencyModules-250] [error] provider-gateways.github-gateway.api.internal-api-adapters.http.internalBspJavaModule.bspBuildTargetDependencyModules task failed
167-dependencyModules-353] [error] provider-gateways.github-gateway.domain.domainPublicAdapterExtensions.magnum.internalBspJavaModule.bspBuildTargetDependencyModules task failed
167-dependencyModules-237] [error] provider-gateways.github-gateway.domain.domainPublic.js.internalBspJavaModule.bspBuildTargetDependencyModules task failed
167-dependencyModules] [warn] provider-gateways.github-gateway.core.adapters.tapir-github-client.internalBspJavaModule.bspBuildTargetDependencyModules
167-dependencyModules] Failed
167-dependencyModules] Evaluating 1 task
167-dependencyModules] Done
167-dependencyModules] buildTargetDependencyModules took 2416 msec
168-scalaMainClasses] Entered buildTargetScalaMainClasses
168-scalaMainClasses] Evaluating 18 tasks
168-scalaMainClasses-0142] [error] provider-gateways.github-gateway.domain.domainPublic.jvm.resolvedMvnDeps.super.javalib.JavaModule task failed
168-scalaMainClasses-0917] compiling 1 Scala source to .bsp/out/writer/server/compile.dest/classes ...
168-scalaMainClasses-0915] compiling 1 Scala source to .bsp/out/ubc-control-plane/server/compile.dest/classes ...
168-scalaMainClasses-0916] compiling 1 Scala source to .bsp/out/reader/server/compile.dest/classes ...
168-scalaMainClasses-0914] compiling 1 Scala source to .bsp/out/extraction-service/server/compile.dest/classes ...
168-scalaMainClasses-0890] [error] provider-gateways.github-gateway.api.api-defn.jvm.resolvedMvnDeps.super.javalib.JavaModule task failed
168-scalaMainClasses-0158] [error] provider-gateways.github-gateway.domain.domainPrivate.resolvedMvnDeps.super.javalib.JavaModule task failed
168-scalaMainClasses-0892] [error] provider-gateways.github-gateway.domain.domainPublicAdapterExtensions.magnum.resolvedMvnDeps.super.javalib.JavaModule task failed
168-scalaMainClasses-0869] [error] provider-gateways.github-gateway.core.ports.resolvedMvnDeps.super.javalib.JavaModule task failed
168-scalaMainClasses-0897] [error] provider-gateways.github-gateway.domain.domainPrivateAdapterExtensions.magnum.resolvedMvnDeps.super.javalib.JavaModule task failed
168-scalaMainClasses-0905] [error] provider-gateways.github-gateway.core.core-impl.resolvedMvnDeps.super.javalib.JavaModule task failed
168-scalaMainClasses-0908] [error] provider-gateways.github-gateway.domain.domainPrivateAdapterExtensions.zio-json.resolvedMvnDeps.super.javalib.JavaModule task failed
168-scalaMainClasses-0912] [error] provider-gateways.github-gateway.api.internal-api-adapters.http.resolvedMvnDeps.super.javalib.JavaModule task failed
168-scalaMainClasses-0911] [error] provider-gateways.github-gateway.core.adapters.magnum-token-repository.resolvedMvnDeps.super.javalib.JavaModule task failed
168-scalaMainClasses-0910] [error] provider-gateways.github-gateway.core.adapters.tapir-github-client.resolvedMvnDeps.super.javalib.JavaModule task failed
168-scalaMainClasses-0891] [error] provider-gateways.github-gateway.domain.domainPublicAdapterExtensions.zio-json.resolvedMvnDeps.super.javalib.JavaModule task failed
168-scalaMainClasses-0918] [error] provider-gateways.github-gateway.server.resolvedMvnDeps.super.javalib.JavaModule task failed
168-scalaMainClasses-0909] [error] provider-gateways.github-gateway.api.external-api-adapters.http.resolvedMvnDeps.super.javalib.JavaModule task failed
168-scalaMainClasses-0914] done compiling
168-scalaMainClasses-0917] done compiling
168-scalaMainClasses-0915] done compiling
168-scalaMainClasses-0916] done compiling
168-scalaMainClasses] [warn] provider-gateways.github-gateway.core.ports.resolvedMvnDeps.super.javalib.JavaModule
168-scalaMainClasses] Failed
168-scalaMainClasses] Evaluating 1 task
168-scalaMainClasses] Done
168-scalaMainClasses] buildTargetScalaMainClasses took 4710 msec
169-scalaTestClasses] Entered buildTargetScalaTestClasses
169-scalaTestClasses] buildTargetScalaTestClasses took 1 msec
170-compile] Entered buildTargetCompile
170-compile] Evaluating 1 task
170-compile-143] [error] provider-gateways.github-gateway.domain.domainPublic.jvm.resolvedMvnDeps.super.javalib.JavaModule task failed
170-compile-155] [error] provider-gateways.github-gateway.domain.domainPrivateAdapterExtensions.magnum.resolvedMvnDeps.super.javalib.JavaModule task failed
170-compile-153] [error] provider-gateways.github-gateway.domain.domainPrivate.resolvedMvnDeps.super.javalib.JavaModule task failed
170-compile] [warn] provider-gateways.github-gateway.domain.domainPrivate.resolvedMvnDeps.super.javalib.JavaModule
170-compile] Failed
170-compile] buildTargetCompile took 744 msec
171-scalaMainClasses] Entered buildTargetScalaMainClasses
171-scalaMainClasses] Evaluating 1 task
171-scalaMainClasses-081] [error] provider-gateways.github-gateway.domain.domainPublic.jvm.resolvedMvnDeps.super.javalib.JavaModule task failed
171-scalaMainClasses-147] [error] provider-gateways.github-gateway.domain.domainPrivateAdapterExtensions.magnum.resolvedMvnDeps.super.javalib.JavaModule task failed
171-scalaMainClasses-088] [error] provider-gateways.github-gateway.domain.domainPrivate.resolvedMvnDeps.super.javalib.JavaModule task failed
171-scalaMainClasses] [warn] provider-gateways.github-gateway.domain.domainPrivate.resolvedMvnDeps.super.javalib.JavaModule
171-scalaMainClasses] Failed
171-scalaMainClasses] buildTargetScalaMainClasses took 703 msec
172-scalaTestClasses] Entered buildTargetScalaTestClasses
172-scalaTestClasses] buildTargetScalaTestClasses took 0 msec
173-compile] Entered buildTargetCompile
173-compile] buildTargetCompile took 0 msec
174-compile] Entered buildTargetCompile
174-compile] buildTargetCompile took 0 msec
175-compile] Entered buildTargetCompile
175-compile] buildTargetCompile took 7 msec
176-compile] Entered buildTargetCompile
176-compile] buildTargetCompile took 0 msec
177-compile] Entered buildTargetCompile
177-compile] buildTargetCompile took 0 msec
bsp-init-build.mill-68] compiling 1 Scala source to .bsp/out/mill-build/compile.dest/classes ...
bsp-init-build.mill-68] done compiling
bsp-watch] Watching for changes to 6 paths and 6 other values...
bsp-init-build.mill-68] compiling 1 Scala source to .bsp/out/mill-build/compile.dest/classes ...
bsp-init-build.mill-68] done compiling
178-compile] buildTargetCompile was cancelled
179-compile] Entered buildTargetCompile
bsp-watch] Watching for changes to 6 paths and 6 other values...
179-compile] buildTargetCompile took 77 msec
180-workspaceBuildTargets] Entered workspaceBuildTargets
180-workspaceBuildTargets] Evaluating 22 tasks
180-workspaceBuildTargets] Done
180-workspaceBuildTargets] Evaluating 1 task
180-workspaceBuildTargets] Done
180-workspaceBuildTargets] workspaceBuildTargets took 1120 msec
181-scalaTestClasses] Entered buildTargetScalaTestClasses
181-scalaTestClasses] buildTargetScalaTestClasses took 0 msec
182-scalaMainClasses] Entered buildTargetScalaMainClasses
182-scalaMainClasses] Evaluating 1 task
182-scalaMainClasses] Done
182-scalaMainClasses] buildTargetScalaMainClasses took 293 msec
183-scalacOptions] Entered buildTargetScalacOptions
183-scalacOptions] Evaluating 22 tasks
183-scalacOptions] Done
183-scalacOptions] Evaluating 1 task
183-scalacOptions] Done
183-scalacOptions] buildTargetScalacOptions took 316 msec
184-javacOptions] Entered buildTargetJavacOptions
184-javacOptions] Evaluating 22 tasks
184-javacOptions-516] [warn] Detected 1 (out of 1) non-platform dependencies. This is often an error due to a missing second colon (:) before the version.
184-javacOptions-516] Found io.indigoengine:tyrian-io_sjs1_3:0.14.0, did you mean io.indigoengine:tyrian-io_sjs1_3::0.14.0 ?
184-javacOptions-518] [warn] Detected 1 (out of 1) non-platform dependencies. This is often an error due to a missing second colon (:) before the version.
184-javacOptions-518] Found io.indigoengine:tyrian-io_sjs1_3:0.14.0, did you mean io.indigoengine:tyrian-io_sjs1_3::0.14.0 ?
184-javacOptions-517] [warn] Detected 1 (out of 1) non-platform dependencies. This is often an error due to a missing second colon (:) before the version.
184-javacOptions-517] Found io.github.kitlangton::neotype:0.4.10, did you mean io.github.kitlangton::neotype::0.4.10 ?
184-javacOptions-529] [warn] Detected 1 (out of 1) non-platform dependencies. This is often an error due to a missing second colon (:) before the version.
184-javacOptions-529] Found dev.zio::zio:2.1.17, did you mean dev.zio::zio::2.1.17 ?
184-javacOptions] Done
184-javacOptions] Evaluating 1 task
184-javacOptions] Done
184-javacOptions] buildTargetJavacOptions took 1774 msec
185-sources] Entered buildTargetSources
185-sources] Evaluating 22 tasks
185-sources] Done
185-sources] Evaluating 1 task
185-sources] Done
185-sources] buildTargetSources took 46 msec
186-dependencySources] Entered buildTargetDependencySources
186-dependencySources] Evaluating 22 tasks
186-dependencySources] Done
186-dependencySources] Evaluating 1 task
186-dependencySources] Done
186-dependencySources] buildTargetDependencySources took 1234 msec
187-dependencyModules] Entered buildTargetDependencyModules
187-dependencyModules] Evaluating 22 tasks
187-dependencyModules] Done
187-dependencyModules] Evaluating 1 task
187-dependencyModules] Done
187-dependencyModules] buildTargetDependencyModules took 377 msec
188-workspaceBuildTargets] Entered workspaceBuildTargets
188-workspaceBuildTargets] Evaluating 22 tasks
188-workspaceBuildTargets] Done
188-workspaceBuildTargets] Evaluating 1 task
188-workspaceBuildTargets] Done
188-workspaceBuildTargets] workspaceBuildTargets took 53 msec
189-compile] Entered buildTargetCompile
189-compile] Evaluating 1 task
189-compile-163] compiling 2 Scala sources to .bsp/out/provider-gateways/github-gateway/domain/domainPublic/jvm/semanticDbDataDetailed.dest/classes ...
189-compile-163] done compiling
189-compile-165] compiling 1 Scala source to .bsp/out/provider-gateways/github-gateway/domain/domainPrivate/semanticDbDataDetailed.dest/classes ...
189-compile-165] done compiling
189-compile-168] compiling 1 Scala source to .bsp/out/provider-gateways/github-gateway/domain/domainPrivateAdapterExtensions/magnum/semanticDbDataDetailed.dest/classes ...
189-compile-168] done compiling
189-compile] Done
189-compile] buildTargetCompile took 9810 msec
190-scalacOptions] Entered buildTargetScalacOptions
190-scalacOptions] Evaluating 22 tasks
190-scalacOptions] Done
190-scalacOptions] Evaluating 1 task
190-scalacOptions] Done
190-scalacOptions] buildTargetScalacOptions took 56 msec
191-scalaMainClasses] Entered buildTargetScalaMainClasses
191-scalaMainClasses] Evaluating 1 task
191-scalaMainClasses-154] compiling 2 Scala sources to .bsp/out/provider-gateways/github-gateway/domain/domainPublic/jvm/compile.dest/classes ...
191-scalaMainClasses-154] done compiling
191-scalaMainClasses-158] compiling 1 Scala source to .bsp/out/provider-gateways/github-gateway/domain/domainPrivate/compile.dest/classes ...
191-scalaMainClasses-158] done compiling
191-scalaMainClasses-161] compiling 1 Scala source to .bsp/out/provider-gateways/github-gateway/domain/domainPrivateAdapterExtensions/magnum/compile.dest/classes ...
191-scalaMainClasses-161] done compiling
191-scalaMainClasses] Done
191-scalaMainClasses] buildTargetScalaMainClasses took 2099 msec
192-scalaTestClasses] Entered buildTargetScalaTestClasses
192-scalaTestClasses] buildTargetScalaTestClasses took 0 msec
193-javacOptions] Entered buildTargetJavacOptions
193-javacOptions] Evaluating 22 tasks
193-javacOptions] Done
193-javacOptions] Evaluating 1 task
193-javacOptions] Done
193-javacOptions] buildTargetJavacOptions took 108 msec
194-sources] Entered buildTargetSources
194-sources] Evaluating 22 tasks
194-sources] Done
194-sources] Evaluating 1 task
194-sources] Done
194-sources] buildTargetSources took 30 msec
195-dependencySources] Entered buildTargetDependencySources
195-dependencySources] Evaluating 22 tasks
195-dependencySources] Done
195-dependencySources] Evaluating 1 task
195-dependencySources] Done
195-dependencySources] buildTargetDependencySources took 47 msec
196-dependencyModules] Entered buildTargetDependencyModules
196-dependencyModules] Evaluating 22 tasks
196-dependencyModules] Done
196-dependencyModules] Evaluating 1 task
196-dependencyModules] Done
196-dependencyModules] buildTargetDependencyModules took 46 msec
197-jvmRunEnvironmentFor] Entered buildTargetJvmRunEnvironment
197-jvmRunEnvironmentFor] Evaluating 1 task
197-jvmRunEnvironmentFor] Done
197-jvmRunEnvironmentFor] buildTargetJvmRunEnvironment took 70 msec
198-scalaMainClasses] Entered buildTargetScalaMainClasses
198-scalaMainClasses] Evaluating 18 tasks
198-scalaMainClasses-0371] compiling 1 Scala source to .bsp/out/writer/server/compile.dest/classes ...
198-scalaMainClasses-0741] compiling 1 Scala source to .bsp/out/extraction-service/server/compile.dest/classes ...
198-scalaMainClasses-0734] compiling 1 Scala source to .bsp/out/reader/server/compile.dest/classes ...
198-scalaMainClasses-0739] compiling 1 Scala source to .bsp/out/provider-gateways/github-gateway/domain/domainPublicAdapterExtensions/zio-json/compile.dest/classes ...
198-scalaMainClasses-0948] compiling 1 Scala source to .bsp/out/ubc-control-plane/server/compile.dest/classes ...
198-scalaMainClasses-0942] compiling 1 Scala source to .bsp/out/provider-gateways/github-gateway/api/api-defn/jvm/compile.dest/classes ...
198-scalaMainClasses-0958] compiling 1 Scala source to .bsp/out/provider-gateways/github-gateway/domain/domainPublicAdapterExtensions/magnum/compile.dest/classes ...
198-scalaMainClasses-0722] compiling 2 Scala sources to .bsp/out/provider-gateways/github-gateway/core/ports/compile.dest/classes ...
198-scalaMainClasses-0942] done compiling
198-scalaMainClasses-0722] done compiling
198-scalaMainClasses-0968] compiling 1 Scala source to .bsp/out/provider-gateways/github-gateway/core/core-impl/compile.dest/classes ...
198-scalaMainClasses-0948] done compiling
198-scalaMainClasses-0734] done compiling
198-scalaMainClasses-0371] done compiling
198-scalaMainClasses-0741] done compiling
198-scalaMainClasses-0958] [error] provider-gateways/github-gateway/domain/domainPublicAdapterExtensions/magnum/src/ubc/githubgateway/domain/adapters/magnum/PublicMagnumCodecs.scala:7:62
198-scalaMainClasses-0958]   given DbCodec[GitHubRepoId] = DbCodec.derived[GitHubRepoId]
198-scalaMainClasses-0958]                                                              ^
198-scalaMainClasses-0958] No given instance of type scala.deriving.Mirror.Of[ubc.githubgateway.domain.GitHubRepoId] was found for a context parameter of method derived in object DbCodec. Failed to synthesize an instance of type scala.deriving.Mirror.Of[ubc.githubgateway.domain.GitHubRepoId]:
198-scalaMainClasses-0958] 	* class Any is not a generic product because it is not a case class
198-scalaMainClasses-0958] 	* class Any is not a generic sum because it is not a sealed class
198-scalaMainClasses-0958] 
198-scalaMainClasses-0958] [error] provider-gateways/github-gateway/domain/domainPublicAdapterExtensions/magnum/src/ubc/githubgateway/domain/adapters/magnum/PublicMagnumCodecs.scala:8:58
198-scalaMainClasses-0958]   given DbCodec[RepoName]     = DbCodec.derived[RepoName]
198-scalaMainClasses-0958]                                                          ^
198-scalaMainClasses-0958] No given instance of type scala.deriving.Mirror.Of[ubc.githubgateway.domain.RepoName] was found for a context parameter of method derived in object DbCodec. Failed to synthesize an instance of type scala.deriving.Mirror.Of[ubc.githubgateway.domain.RepoName]:
198-scalaMainClasses-0958] 	* class Any is not a generic product because it is not a case class
198-scalaMainClasses-0958] 	* class Any is not a generic sum because it is not a sealed class
198-scalaMainClasses-0958] 
198-scalaMainClasses-0958] [error] provider-gateways/github-gateway/domain/domainPublicAdapterExtensions/magnum/src/ubc/githubgateway/domain/adapters/magnum/PublicMagnumCodecs.scala:9:59
198-scalaMainClasses-0958]   given DbCodec[RepoOwner]    = DbCodec.derived[RepoOwner]
198-scalaMainClasses-0958]                                                           ^
198-scalaMainClasses-0958] No given instance of type scala.deriving.Mirror.Of[ubc.githubgateway.domain.RepoOwner] was found for a context parameter of method derived in object DbCodec. Failed to synthesize an instance of type scala.deriving.Mirror.Of[ubc.githubgateway.domain.RepoOwner]:
198-scalaMainClasses-0958] 	* class Any is not a generic product because it is not a case class
198-scalaMainClasses-0958] 	* class Any is not a generic sum because it is not a sealed class
198-scalaMainClasses-0958] 
198-scalaMainClasses-0958] [error] provider-gateways/github-gateway/domain/domainPublicAdapterExtensions/magnum/src/ubc/githubgateway/domain/adapters/magnum/PublicMagnumCodecs.scala:10:57
198-scalaMainClasses-0958]   given DbCodec[RepoUrl]      = DbCodec.derived[RepoUrl]
198-scalaMainClasses-0958]                                                         ^
198-scalaMainClasses-0958] No given instance of type scala.deriving.Mirror.Of[ubc.githubgateway.domain.RepoUrl] was found for a context parameter of method derived in object DbCodec. Failed to synthesize an instance of type scala.deriving.Mirror.Of[ubc.githubgateway.domain.RepoUrl]:
198-scalaMainClasses-0958] 	* class Any is not a generic product because it is not a case class
198-scalaMainClasses-0958] 	* class Any is not a generic sum because it is not a sealed class
198-scalaMainClasses-0958] 
198-scalaMainClasses-0958] [error] provider-gateways/github-gateway/domain/domainPublicAdapterExtensions/magnum/src/ubc/githubgateway/domain/adapters/magnum/PublicMagnumCodecs.scala:11:61
198-scalaMainClasses-0958]   given DbCodec[GitHubToken]  = DbCodec.derived[GitHubToken]
198-scalaMainClasses-0958]                                                             ^
198-scalaMainClasses-0958] No given instance of type scala.deriving.Mirror.Of[ubc.githubgateway.domain.GitHubToken] was found for a context parameter of method derived in object DbCodec. Failed to synthesize an instance of type scala.deriving.Mirror.Of[ubc.githubgateway.domain.GitHubToken]:
198-scalaMainClasses-0958] 	* class Any is not a generic product because it is not a case class
198-scalaMainClasses-0958] 	* class Any is not a generic sum because it is not a sealed class
198-scalaMainClasses-0958] 
198-scalaMainClasses-0958] [error] provider-gateways/github-gateway/domain/domainPublicAdapterExtensions/magnum/src/ubc/githubgateway/domain/adapters/magnum/PublicMagnumCodecs.scala:12:57
198-scalaMainClasses-0958]   given DbCodec[TokenId]      = DbCodec.derived[TokenId]
198-scalaMainClasses-0958]                                                         ^
198-scalaMainClasses-0958] No given instance of type scala.deriving.Mirror.Of[ubc.githubgateway.domain.TokenId] was found for a context parameter of method derived in object DbCodec. Failed to synthesize an instance of type scala.deriving.Mirror.Of[ubc.githubgateway.domain.TokenId]:
198-scalaMainClasses-0958] 	* class Any is not a generic product because it is not a case class
198-scalaMainClasses-0958] 	* class Any is not a generic sum because it is not a sealed class
198-scalaMainClasses-0958] 
198-scalaMainClasses-0958] [error] 6 errors found
198-scalaMainClasses-0958] [error] provider-gateways.github-gateway.domain.domainPublicAdapterExtensions.magnum.compile task failed
198-scalaMainClasses-0968] done compiling
198-scalaMainClasses-0739] done compiling
198-scalaMainClasses-1006] compiling 1 Scala source to .bsp/out/provider-gateways/github-gateway/core/adapters/tapir-github-client/compile.dest/classes ...
198-scalaMainClasses-1007] compiling 1 Scala source to .bsp/out/provider-gateways/github-gateway/domain/domainPrivateAdapterExtensions/zio-json/compile.dest/classes ...
198-scalaMainClasses-1005] compiling 1 Scala source to .bsp/out/provider-gateways/github-gateway/api/external-api-adapters/http/compile.dest/classes ...
198-scalaMainClasses-1008] compiling 1 Scala source to .bsp/out/provider-gateways/github-gateway/api/internal-api-adapters/http/compile.dest/classes ...
198-scalaMainClasses-1007] done compiling
198-scalaMainClasses-1005] [error] provider-gateways/github-gateway/api/external-api-adapters/http/src/ubc/githubgateway/api/external/http/GitHubGatewayHttpClient.scala:28:32
198-scalaMainClasses-1005]       .out(jsonBody[GitHubRepo])
198-scalaMainClasses-1005]                                ^
198-scalaMainClasses-1005] Could not find Schema for type ubc.githubgateway.domain.GitHubRepoId.Type.
198-scalaMainClasses-1005] Schemas can be derived automatically by adding: `import sttp.tapir.generic.auto._`, or manually using `Schema.derived[T]`.
198-scalaMainClasses-1005] The latter is also useful for debugging derivation errors.
198-scalaMainClasses-1005] You can find more details in the docs: https://tapir.softwaremill.com/en/latest/endpoint/schemas.html
198-scalaMainClasses-1005] When integrating with a third-party datatype library remember to import respective schemas/codecs as described in https://tapir.softwaremill.com/en/latest/endpoint/integrations.html.
198-scalaMainClasses-1005] I found:
198-scalaMainClasses-1005] 
198-scalaMainClasses-1005]     sttp.tapir.Schema.derivedEnumerationValue[Enumeration#Value]
198-scalaMainClasses-1005] 
198-scalaMainClasses-1005] But method derivedEnumerationValue in trait SchemaCompanionMacros does not match type sttp.tapir.Schema[ubc.githubgateway.domain.GitHubRepoId.Type].
198-scalaMainClasses-1005] 
198-scalaMainClasses-1006] [error] provider-gateways/github-gateway/core/adapters/tapir-github-client/src/ubc/githubgateway/core/adapters/tapir/TapirGitHubClient.scala:42:21
198-scalaMainClasses-1006]       .apply((owner.unwrap, name.unwrap))
198-scalaMainClasses-1006]                     ^^^^^^
198-scalaMainClasses-1006] value unwrap is not a member of ubc.githubgateway.domain.RepoOwner, but could be made available as an extension method.
198-scalaMainClasses-1006] 
198-scalaMainClasses-1006] The following import might fix the problem:
198-scalaMainClasses-1006] 
198-scalaMainClasses-1006]   import neotype.unwrap
198-scalaMainClasses-1006] 
198-scalaMainClasses-1006] 
198-scalaMainClasses-1006] 
198-scalaMainClasses-1008] [error] provider-gateways/github-gateway/api/internal-api-adapters/http/src/ubc/githubgateway/api/internal/http/GitHubGatewayHttpController.scala:24:32
198-scalaMainClasses-1008]       .out(jsonBody[GitHubRepo])
198-scalaMainClasses-1008]                                ^
198-scalaMainClasses-1008] Could not find Schema for type ubc.githubgateway.domain.GitHubRepoId.Type.
198-scalaMainClasses-1008] Schemas can be derived automatically by adding: `import sttp.tapir.generic.auto._`, or manually using `Schema.derived[T]`.
198-scalaMainClasses-1008] The latter is also useful for debugging derivation errors.
198-scalaMainClasses-1008] You can find more details in the docs: https://tapir.softwaremill.com/en/latest/endpoint/schemas.html
198-scalaMainClasses-1008] When integrating with a third-party datatype library remember to import respective schemas/codecs as described in https://tapir.softwaremill.com/en/latest/endpoint/integrations.html.
198-scalaMainClasses-1008] I found:
198-scalaMainClasses-1008] 
198-scalaMainClasses-1008]     sttp.tapir.Schema.derivedEnumerationValue[Enumeration#Value]
198-scalaMainClasses-1008] 
198-scalaMainClasses-1008] But method derivedEnumerationValue in trait SchemaCompanionMacros does not match type sttp.tapir.Schema[ubc.githubgateway.domain.GitHubRepoId.Type].
198-scalaMainClasses-1008] 
198-scalaMainClasses-1005] [error] one error found
198-scalaMainClasses-1005] [error] provider-gateways.github-gateway.api.external-api-adapters.http.compile task failed
198-scalaMainClasses-1006] [error] provider-gateways/github-gateway/core/adapters/tapir-github-client/src/ubc/githubgateway/core/adapters/tapir/TapirGitHubClient.scala:42:34
198-scalaMainClasses-1006]       .apply((owner.unwrap, name.unwrap))
198-scalaMainClasses-1006]                                  ^^^^^^
198-scalaMainClasses-1006] value unwrap is not a member of ubc.githubgateway.domain.RepoName, but could be made available as an extension method.
198-scalaMainClasses-1006] 
198-scalaMainClasses-1006] The following import might fix the problem:
198-scalaMainClasses-1006] 
198-scalaMainClasses-1006]   import neotype.unwrap
198-scalaMainClasses-1006] 
198-scalaMainClasses-1006] 
198-scalaMainClasses-1006] 
198-scalaMainClasses-1008] [error] one error found
198-scalaMainClasses-1008] [error] provider-gateways.github-gateway.api.internal-api-adapters.http.compile task failed
198-scalaMainClasses-1006] [error] provider-gateways/github-gateway/core/adapters/tapir-github-client/src/ubc/githubgateway/core/adapters/tapir/TapirGitHubClient.scala:49:20
198-scalaMainClasses-1006]       .apply(owner.unwrap)
198-scalaMainClasses-1006]                    ^^^^^^
198-scalaMainClasses-1006] value unwrap is not a member of ubc.githubgateway.domain.RepoOwner, but could be made available as an extension method.
198-scalaMainClasses-1006] 
198-scalaMainClasses-1006] The following import might fix the problem:
198-scalaMainClasses-1006] 
198-scalaMainClasses-1006]   import neotype.unwrap
198-scalaMainClasses-1006] 
198-scalaMainClasses-1006] 
198-scalaMainClasses-1006] 
198-scalaMainClasses-1006] [error] three errors found
198-scalaMainClasses-1006] [error] provider-gateways.github-gateway.core.adapters.tapir-github-client.compile task failed
198-scalaMainClasses] [warn] provider-gateways.github-gateway.core.adapters.tapir-github-client.compile Compilation failed
198-scalaMainClasses] Failed
198-scalaMainClasses] Evaluating 1 task
198-scalaMainClasses] Done
198-scalaMainClasses] buildTargetScalaMainClasses took 5294 msec
199-scalaTestClasses] Entered buildTargetScalaTestClasses
199-scalaTestClasses] buildTargetScalaTestClasses took 1 msec
200-compile] Entered buildTargetCompile
200-compile] Evaluating 1 task
200-compile] Done
200-compile] buildTargetCompile took 112 msec
201-scalaMainClasses] Entered buildTargetScalaMainClasses
201-scalaMainClasses] Evaluating 1 task
201-scalaMainClasses] Done
201-scalaMainClasses] buildTargetScalaMainClasses took 70 msec
202-scalaTestClasses] Entered buildTargetScalaTestClasses
202-scalaTestClasses] buildTargetScalaTestClasses took 0 msec
203-compile] Entered buildTargetCompile
203-compile] Evaluating 1 task
203-compile-116] compiling 1 Scala source to .bsp/out/provider-gateways/github-gateway/domain/domainPublicAdapterExtensions/magnum/semanticDbDataDetailed.dest/classes ...
203-compile-116] [error] provider-gateways/github-gateway/domain/domainPublicAdapterExtensions/magnum/src/ubc/githubgateway/domain/adapters/magnum/PublicMagnumCodecs.scala:7:72
203-compile-116]   given DbCodec[GitHubRepoId] = DbCodec[Long].biMap(GitHubRepoId(_), _.unwrap)
203-compile-116]                                                                        ^^^^^^
203-compile-116] value unwrap is not a member of ubc.githubgateway.domain.GitHubRepoId.Type, but could be made available as an extension method.
203-compile-116] 
203-compile-116] The following import might fix the problem:
203-compile-116] 
203-compile-116]   import neotype.unwrap
203-compile-116] 
203-compile-116] 
203-compile-116] 
203-compile-116] [error] provider-gateways/github-gateway/domain/domainPublicAdapterExtensions/magnum/src/ubc/githubgateway/domain/adapters/magnum/PublicMagnumCodecs.scala:8:70
203-compile-116]   given DbCodec[RepoName]     = DbCodec[String].biMap(RepoName(_), _.unwrap)
203-compile-116]                                                                      ^^^^^^
203-compile-116] value unwrap is not a member of ubc.githubgateway.domain.RepoName.Type, but could be made available as an extension method.
203-compile-116] 
203-compile-116] The following import might fix the problem:
203-compile-116] 
203-compile-116]   import neotype.unwrap
203-compile-116] 
203-compile-116] 
203-compile-116] 
203-compile-116] [error] provider-gateways/github-gateway/domain/domainPublicAdapterExtensions/magnum/src/ubc/githubgateway/domain/adapters/magnum/PublicMagnumCodecs.scala:9:71
203-compile-116]   given DbCodec[RepoOwner]    = DbCodec[String].biMap(RepoOwner(_), _.unwrap)
203-compile-116]                                                                       ^^^^^^
203-compile-116] value unwrap is not a member of ubc.githubgateway.domain.RepoOwner.Type, but could be made available as an extension method.
203-compile-116] 
203-compile-116] The following import might fix the problem:
203-compile-116] 
203-compile-116]   import neotype.unwrap
203-compile-116] 
203-compile-116] 
203-compile-116] 
203-compile-116] [error] provider-gateways/github-gateway/domain/domainPublicAdapterExtensions/magnum/src/ubc/githubgateway/domain/adapters/magnum/PublicMagnumCodecs.scala:10:69
203-compile-116]   given DbCodec[RepoUrl]      = DbCodec[String].biMap(RepoUrl(_), _.unwrap)
203-compile-116]                                                                     ^^^^^^
203-compile-116] value unwrap is not a member of ubc.githubgateway.domain.RepoUrl.Type, but could be made available as an extension method.
203-compile-116] 
203-compile-116] The following import might fix the problem:
203-compile-116] 
203-compile-116]   import neotype.unwrap
203-compile-116] 
203-compile-116] 
203-compile-116] 
203-compile-116] [error] provider-gateways/github-gateway/domain/domainPublicAdapterExtensions/magnum/src/ubc/githubgateway/domain/adapters/magnum/PublicMagnumCodecs.scala:11:73
203-compile-116]   given DbCodec[GitHubToken]  = DbCodec[String].biMap(GitHubToken(_), _.unwrap)
203-compile-116]                                                                         ^^^^^^
203-compile-116] value unwrap is not a member of ubc.githubgateway.domain.GitHubToken.Type, but could be made available as an extension method.
203-compile-116] 
203-compile-116] The following import might fix the problem:
203-compile-116] 
203-compile-116]   import neotype.unwrap
203-compile-116] 
203-compile-116] 
203-compile-116] 
203-compile-116] [error] provider-gateways/github-gateway/domain/domainPublicAdapterExtensions/magnum/src/ubc/githubgateway/domain/adapters/magnum/PublicMagnumCodecs.scala:12:67
203-compile-116]   given DbCodec[TokenId]      = DbCodec[Long].biMap(TokenId(_), _.unwrap)
203-compile-116]                                                                   ^^^^^^
203-compile-116] value unwrap is not a member of ubc.githubgateway.domain.TokenId.Type, but could be made available as an extension method.
203-compile-116] 
203-compile-116] The following import might fix the problem:
203-compile-116] 
203-compile-116]   import neotype.unwrap
203-compile-116] 
203-compile-116] 
203-compile-116] 
203-compile-116] [error] 6 errors found
203-compile-116] [error] provider-gateways.github-gateway.domain.domainPublicAdapterExtensions.magnum.semanticDbDataDetailed task failed
203-compile] Done
203-compile] buildTargetCompile took 1478 msec
204-scalaTestClasses] Entered buildTargetScalaTestClasses
204-scalaTestClasses] buildTargetScalaTestClasses took 1 msec
205-scalaMainClasses] Entered buildTargetScalaMainClasses
205-scalaMainClasses] Evaluating 1 task
205-scalaMainClasses-114] compiling 1 Scala source to .bsp/out/provider-gateways/github-gateway/domain/domainPublicAdapterExtensions/magnum/compile.dest/classes ...
205-scalaMainClasses-114] [error] provider-gateways/github-gateway/domain/domainPublicAdapterExtensions/magnum/src/ubc/githubgateway/domain/adapters/magnum/PublicMagnumCodecs.scala:7:72
205-scalaMainClasses-114]   given DbCodec[GitHubRepoId] = DbCodec[Long].biMap(GitHubRepoId(_), _.unwrap)
205-scalaMainClasses-114]                                                                        ^^^^^^
205-scalaMainClasses-114] value unwrap is not a member of ubc.githubgateway.domain.GitHubRepoId.Type, but could be made available as an extension method.
205-scalaMainClasses-114] 
205-scalaMainClasses-114] The following import might fix the problem:
205-scalaMainClasses-114] 
205-scalaMainClasses-114]   import neotype.unwrap
205-scalaMainClasses-114] 
205-scalaMainClasses-114] 
205-scalaMainClasses-114] 
205-scalaMainClasses-114] [error] provider-gateways/github-gateway/domain/domainPublicAdapterExtensions/magnum/src/ubc/githubgateway/domain/adapters/magnum/PublicMagnumCodecs.scala:8:70
205-scalaMainClasses-114]   given DbCodec[RepoName]     = DbCodec[String].biMap(RepoName(_), _.unwrap)
205-scalaMainClasses-114]                                                                      ^^^^^^
205-scalaMainClasses-114] value unwrap is not a member of ubc.githubgateway.domain.RepoName.Type, but could be made available as an extension method.
205-scalaMainClasses-114] 
205-scalaMainClasses-114] The following import might fix the problem:
205-scalaMainClasses-114] 
205-scalaMainClasses-114]   import neotype.unwrap
205-scalaMainClasses-114] 
205-scalaMainClasses-114] 
205-scalaMainClasses-114] 
205-scalaMainClasses-114] [error] provider-gateways/github-gateway/domain/domainPublicAdapterExtensions/magnum/src/ubc/githubgateway/domain/adapters/magnum/PublicMagnumCodecs.scala:9:71
205-scalaMainClasses-114]   given DbCodec[RepoOwner]    = DbCodec[String].biMap(RepoOwner(_), _.unwrap)
205-scalaMainClasses-114]                                                                       ^^^^^^
205-scalaMainClasses-114] value unwrap is not a member of ubc.githubgateway.domain.RepoOwner.Type, but could be made available as an extension method.
205-scalaMainClasses-114] 
205-scalaMainClasses-114] The following import might fix the problem:
205-scalaMainClasses-114] 
205-scalaMainClasses-114]   import neotype.unwrap
205-scalaMainClasses-114] 
205-scalaMainClasses-114] 
205-scalaMainClasses-114] 
205-scalaMainClasses-114] [error] provider-gateways/github-gateway/domain/domainPublicAdapterExtensions/magnum/src/ubc/githubgateway/domain/adapters/magnum/PublicMagnumCodecs.scala:10:69
205-scalaMainClasses-114]   given DbCodec[RepoUrl]      = DbCodec[String].biMap(RepoUrl(_), _.unwrap)
205-scalaMainClasses-114]                                                                     ^^^^^^
205-scalaMainClasses-114] value unwrap is not a member of ubc.githubgateway.domain.RepoUrl.Type, but could be made available as an extension method.
205-scalaMainClasses-114] 
205-scalaMainClasses-114] The following import might fix the problem:
205-scalaMainClasses-114] 
205-scalaMainClasses-114]   import neotype.unwrap
205-scalaMainClasses-114] 
205-scalaMainClasses-114] 
205-scalaMainClasses-114] 
205-scalaMainClasses-114] [error] provider-gateways/github-gateway/domain/domainPublicAdapterExtensions/magnum/src/ubc/githubgateway/domain/adapters/magnum/PublicMagnumCodecs.scala:11:73
205-scalaMainClasses-114]   given DbCodec[GitHubToken]  = DbCodec[String].biMap(GitHubToken(_), _.unwrap)
205-scalaMainClasses-114]                                                                         ^^^^^^
205-scalaMainClasses-114] value unwrap is not a member of ubc.githubgateway.domain.GitHubToken.Type, but could be made available as an extension method.
205-scalaMainClasses-114] 
205-scalaMainClasses-114] The following import might fix the problem:
205-scalaMainClasses-114] 
205-scalaMainClasses-114]   import neotype.unwrap
205-scalaMainClasses-114] 
205-scalaMainClasses-114] 
205-scalaMainClasses-114] 
205-scalaMainClasses-114] [error] provider-gateways/github-gateway/domain/domainPublicAdapterExtensions/magnum/src/ubc/githubgateway/domain/adapters/magnum/PublicMagnumCodecs.scala:12:67
205-scalaMainClasses-114]   given DbCodec[TokenId]      = DbCodec[Long].biMap(TokenId(_), _.unwrap)
205-scalaMainClasses-114]                                                                   ^^^^^^
205-scalaMainClasses-114] value unwrap is not a member of ubc.githubgateway.domain.TokenId.Type, but could be made available as an extension method.
205-scalaMainClasses-114] 
205-scalaMainClasses-114] The following import might fix the problem:
205-scalaMainClasses-114] 
205-scalaMainClasses-114]   import neotype.unwrap
205-scalaMainClasses-114] 
205-scalaMainClasses-114] 
205-scalaMainClasses-114] 
205-scalaMainClasses-114] [error] 6 errors found
205-scalaMainClasses-114] [error] provider-gateways.github-gateway.domain.domainPublicAdapterExtensions.magnum.compile task failed
205-scalaMainClasses] [warn] provider-gateways.github-gateway.domain.domainPublicAdapterExtensions.magnum.compile Compilation failed
205-scalaMainClasses] Failed
205-scalaMainClasses] buildTargetScalaMainClasses took 1183 msec
206-compile] Entered buildTargetCompile
206-compile] buildTargetCompile took 0 msec
207-compile] Entered buildTargetCompile
207-compile] Evaluating 1 task
207-compile-116] compiling 1 Scala source to .bsp/out/provider-gateways/github-gateway/domain/domainPublicAdapterExtensions/magnum/semanticDbDataDetailed.dest/classes ...
207-compile-116] done compiling
207-compile] Done
207-compile] buildTargetCompile took 526 msec
208-scalaMainClasses] Entered buildTargetScalaMainClasses
208-scalaMainClasses] Evaluating 1 task
208-scalaMainClasses-114] compiling 1 Scala source to .bsp/out/provider-gateways/github-gateway/domain/domainPublicAdapterExtensions/magnum/compile.dest/classes ...
208-scalaMainClasses-114] done compiling
208-scalaMainClasses] Done
208-scalaMainClasses] buildTargetScalaMainClasses took 532 msec
209-scalaTestClasses] Entered buildTargetScalaTestClasses
209-scalaTestClasses] buildTargetScalaTestClasses took 0 msec
210-compile] Entered buildTargetCompile
210-compile] Evaluating 1 task
210-compile-269] compiling 1 Scala source to .bsp/out/provider-gateways/github-gateway/domain/domainPublicAdapterExtensions/zio-json/semanticDbDataDetailed.dest/classes ...
210-compile-267] compiling 2 Scala sources to .bsp/out/provider-gateways/github-gateway/core/ports/semanticDbDataDetailed.dest/classes ...
210-compile-267] done compiling
210-compile-269] done compiling
210-compile-273] compiling 1 Scala source to .bsp/out/provider-gateways/github-gateway/core/adapters/tapir-github-client/semanticDbDataDetailed.dest/classes ...
210-compile-273] [error] provider-gateways/github-gateway/core/adapters/tapir-github-client/src/ubc/githubgateway/core/adapters/tapir/TapirGitHubClient.scala:24:32
210-compile-273]       .out(jsonBody[GitHubRepo])
210-compile-273]                                ^
210-compile-273] Could not find Schema for type ubc.githubgateway.domain.GitHubRepoId.Type.
210-compile-273] Schemas can be derived automatically by adding: `import sttp.tapir.generic.auto._`, or manually using `Schema.derived[T]`.
210-compile-273] The latter is also useful for debugging derivation errors.
210-compile-273] You can find more details in the docs: https://tapir.softwaremill.com/en/latest/endpoint/schemas.html
210-compile-273] When integrating with a third-party datatype library remember to import respective schemas/codecs as described in https://tapir.softwaremill.com/en/latest/endpoint/integrations.html.
210-compile-273] I found:
210-compile-273] 
210-compile-273]     sttp.tapir.Schema.derivedEnumerationValue[Enumeration#Value]
210-compile-273] 
210-compile-273] But method derivedEnumerationValue in trait SchemaCompanionMacros does not match type sttp.tapir.Schema[ubc.githubgateway.domain.GitHubRepoId.Type].
210-compile-273] 
210-compile-273] [error] one error found
210-compile-273] [error] provider-gateways.github-gateway.core.adapters.tapir-github-client.semanticDbDataDetailed task failed
210-compile] Done
210-compile] buildTargetCompile took 2459 msec
211-scalaMainClasses] Entered buildTargetScalaMainClasses
211-scalaMainClasses] Evaluating 1 task
211-scalaMainClasses-255] compiling 1 Scala source to .bsp/out/provider-gateways/github-gateway/core/adapters/tapir-github-client/compile.dest/classes ...
211-scalaMainClasses-255] [error] provider-gateways/github-gateway/core/adapters/tapir-github-client/src/ubc/githubgateway/core/adapters/tapir/TapirGitHubClient.scala:24:32
211-scalaMainClasses-255]       .out(jsonBody[GitHubRepo])
211-scalaMainClasses-255]                                ^
211-scalaMainClasses-255] Could not find Schema for type ubc.githubgateway.domain.GitHubRepoId.Type.
211-scalaMainClasses-255] Schemas can be derived automatically by adding: `import sttp.tapir.generic.auto._`, or manually using `Schema.derived[T]`.
211-scalaMainClasses-255] The latter is also useful for debugging derivation errors.
211-scalaMainClasses-255] You can find more details in the docs: https://tapir.softwaremill.com/en/latest/endpoint/schemas.html
211-scalaMainClasses-255] When integrating with a third-party datatype library remember to import respective schemas/codecs as described in https://tapir.softwaremill.com/en/latest/endpoint/integrations.html.
211-scalaMainClasses-255] I found:
211-scalaMainClasses-255] 
211-scalaMainClasses-255]     sttp.tapir.Schema.derivedEnumerationValue[Enumeration#Value]
211-scalaMainClasses-255] 
211-scalaMainClasses-255] But method derivedEnumerationValue in trait SchemaCompanionMacros does not match type sttp.tapir.Schema[ubc.githubgateway.domain.GitHubRepoId.Type].
211-scalaMainClasses-255] 
211-scalaMainClasses-255] [error] one error found
211-scalaMainClasses-255] [error] provider-gateways.github-gateway.core.adapters.tapir-github-client.compile task failed
211-scalaMainClasses] [warn] provider-gateways.github-gateway.core.adapters.tapir-github-client.compile Compilation failed
211-scalaMainClasses] Failed
211-scalaMainClasses] buildTargetScalaMainClasses took 1078 msec
212-scalaTestClasses] Entered buildTargetScalaTestClasses
212-scalaTestClasses] buildTargetScalaTestClasses took 0 msec
213-compile] Entered buildTargetCompile
213-compile] buildTargetCompile took 0 msec
bsp-init-build.mill-68] compiling 1 Scala source to .bsp/out/mill-build/compile.dest/classes ...
bsp-init-build.mill-68] done compiling
214-compile] Entered buildTargetCompile
bsp-watch] Watching for changes to 6 paths and 6 other values...
214-compile] Evaluating 1 task
214-compile-68] compiling 1 Scala source to .bsp/out/mill-build/semanticDbDataDetailed.dest/classes ...
214-compile-68] done compiling
214-compile] Done
214-compile] buildTargetCompile took 4146 msec
215-compile] Entered buildTargetCompile
215-compile] buildTargetCompile took 0 msec
216-workspaceBuildTargets] Entered workspaceBuildTargets
216-workspaceBuildTargets] Evaluating 22 tasks
216-workspaceBuildTargets] Done
216-workspaceBuildTargets] Evaluating 1 task
216-workspaceBuildTargets] Done
216-workspaceBuildTargets] workspaceBuildTargets took 877 msec
217-scalaMainClasses] Entered buildTargetScalaMainClasses
217-scalaMainClasses] Evaluating 1 task
217-scalaMainClasses] Done
217-scalaMainClasses] buildTargetScalaMainClasses took 290 msec
218-scalaTestClasses] Entered buildTargetScalaTestClasses
218-scalaTestClasses] buildTargetScalaTestClasses took 0 msec
219-scalacOptions] Entered buildTargetScalacOptions
219-scalacOptions] Evaluating 22 tasks
219-scalacOptions] Done
219-scalacOptions] Evaluating 1 task
219-scalacOptions] Done
219-scalacOptions] buildTargetScalacOptions took 193 msec
220-javacOptions] Entered buildTargetJavacOptions
220-javacOptions] Evaluating 22 tasks
220-javacOptions-513] [warn] Detected 1 (out of 1) non-platform dependencies. This is often an error due to a missing second colon (:) before the version.
220-javacOptions-513] Found io.github.kitlangton::neotype:0.4.10, did you mean io.github.kitlangton::neotype::0.4.10 ?
220-javacOptions-514] [warn] Detected 1 (out of 1) non-platform dependencies. This is often an error due to a missing second colon (:) before the version.
220-javacOptions-514] Found io.indigoengine:tyrian-io_sjs1_3:0.14.0, did you mean io.indigoengine:tyrian-io_sjs1_3::0.14.0 ?
220-javacOptions-512] [warn] Detected 1 (out of 1) non-platform dependencies. This is often an error due to a missing second colon (:) before the version.
220-javacOptions-512] Found io.indigoengine:tyrian-io_sjs1_3:0.14.0, did you mean io.indigoengine:tyrian-io_sjs1_3::0.14.0 ?
220-javacOptions-528] [warn] Detected 1 (out of 1) non-platform dependencies. This is often an error due to a missing second colon (:) before the version.
220-javacOptions-528] Found dev.zio::zio:2.1.17, did you mean dev.zio::zio::2.1.17 ?
220-javacOptions] Done
220-javacOptions] Evaluating 1 task
220-javacOptions] Done
220-javacOptions] buildTargetJavacOptions took 627 msec
221-sources] Entered buildTargetSources
221-sources] Evaluating 22 tasks
221-sources] Done
221-sources] Evaluating 1 task
221-sources] Done
221-sources] buildTargetSources took 35 msec
222-dependencySources] Entered buildTargetDependencySources
222-dependencySources] Evaluating 22 tasks
222-dependencySources] Done
222-dependencySources] Evaluating 1 task
222-dependencySources] Done
222-dependencySources] buildTargetDependencySources took 364 msec
223-dependencyModules] Entered buildTargetDependencyModules
223-dependencyModules] Evaluating 22 tasks
223-dependencyModules] Done
223-dependencyModules] Evaluating 1 task
223-dependencyModules] Done
223-dependencyModules] buildTargetDependencyModules took 255 msec
224-scalaTestClasses] Entered buildTargetScalaTestClasses
224-scalaTestClasses] buildTargetScalaTestClasses took 0 msec
225-scalaMainClasses] Entered buildTargetScalaMainClasses
225-scalaMainClasses] Evaluating 18 tasks
225-scalaMainClasses-0908] compiling 1 Scala source to .bsp/out/reader/server/compile.dest/classes ...
225-scalaMainClasses-0907] compiling 1 Scala source to .bsp/out/writer/server/compile.dest/classes ...
225-scalaMainClasses-0917] compiling 1 Scala source to .bsp/out/ubc-control-plane/server/compile.dest/classes ...
225-scalaMainClasses-0913] compiling 1 Scala source to .bsp/out/extraction-service/server/compile.dest/classes ...
225-scalaMainClasses-0944] compiling 1 Scala source to .bsp/out/provider-gateways/github-gateway/api/api-defn/jvm/compile.dest/classes ...
225-scalaMainClasses-0947] compiling 1 Scala source to .bsp/out/provider-gateways/github-gateway/domain/domainPublicAdapterExtensions/magnum/compile.dest/classes ...
225-scalaMainClasses-0946] compiling 1 Scala source to .bsp/out/provider-gateways/github-gateway/domain/domainPrivate/compile.dest/classes ...
225-scalaMainClasses-0948] compiling 1 Scala source to .bsp/out/provider-gateways/github-gateway/domain/domainPublicAdapterExtensions/zio-json/compile.dest/classes ...
225-scalaMainClasses-0944] done compiling
225-scalaMainClasses-0946] done compiling
225-scalaMainClasses-0960] compiling 1 Scala source to .bsp/out/provider-gateways/github-gateway/domain/domainPrivateAdapterExtensions/magnum/compile.dest/classes ...
225-scalaMainClasses-0947] done compiling
225-scalaMainClasses-0965] compiling 1 Scala source to .bsp/out/provider-gateways/github-gateway/core/core-impl/compile.dest/classes ...
225-scalaMainClasses-0913] done compiling
225-scalaMainClasses-0908] done compiling
225-scalaMainClasses-0917] done compiling
225-scalaMainClasses-0907] done compiling
225-scalaMainClasses-0960] done compiling
225-scalaMainClasses-0987] compiling 1 Scala source to .bsp/out/provider-gateways/github-gateway/core/adapters/magnum-token-repository/compile.dest/classes ...
225-scalaMainClasses-0965] done compiling
225-scalaMainClasses-0948] done compiling
225-scalaMainClasses-1001] compiling 1 Scala source to .bsp/out/provider-gateways/github-gateway/api/external-api-adapters/http/compile.dest/classes ...
225-scalaMainClasses-1005] compiling 1 Scala source to .bsp/out/provider-gateways/github-gateway/domain/domainPrivateAdapterExtensions/zio-json/compile.dest/classes ...
225-scalaMainClasses-1002] compiling 1 Scala source to .bsp/out/provider-gateways/github-gateway/core/adapters/tapir-github-client/compile.dest/classes ...
225-scalaMainClasses-1004] compiling 1 Scala source to .bsp/out/provider-gateways/github-gateway/api/internal-api-adapters/http/compile.dest/classes ...
225-scalaMainClasses-0987] done compiling
225-scalaMainClasses-1005] done compiling
225-scalaMainClasses-1002] [error] provider-gateways/github-gateway/core/adapters/tapir-github-client/src/ubc/githubgateway/core/adapters/tapir/TapirGitHubClient.scala:24:32
225-scalaMainClasses-1002]       .out(jsonBody[GitHubRepo])
225-scalaMainClasses-1002]                                ^
225-scalaMainClasses-1002] Could not find Schema for type ubc.githubgateway.domain.GitHubRepoId.Type.
225-scalaMainClasses-1002] Schemas can be derived automatically by adding: `import sttp.tapir.generic.auto._`, or manually using `Schema.derived[T]`.
225-scalaMainClasses-1002] The latter is also useful for debugging derivation errors.
225-scalaMainClasses-1002] You can find more details in the docs: https://tapir.softwaremill.com/en/latest/endpoint/schemas.html
225-scalaMainClasses-1002] When integrating with a third-party datatype library remember to import respective schemas/codecs as described in https://tapir.softwaremill.com/en/latest/endpoint/integrations.html.
225-scalaMainClasses-1002] I found:
225-scalaMainClasses-1002] 
225-scalaMainClasses-1002]     sttp.tapir.Schema.derivedEnumerationValue[Enumeration#Value]
225-scalaMainClasses-1002] 
225-scalaMainClasses-1002] But method derivedEnumerationValue in trait SchemaCompanionMacros does not match type sttp.tapir.Schema[ubc.githubgateway.domain.GitHubRepoId.Type].
225-scalaMainClasses-1002] 
225-scalaMainClasses-1001] [error] provider-gateways/github-gateway/api/external-api-adapters/http/src/ubc/githubgateway/api/external/http/GitHubGatewayHttpClient.scala:28:32
225-scalaMainClasses-1001]       .out(jsonBody[GitHubRepo])
225-scalaMainClasses-1001]                                ^
225-scalaMainClasses-1001] Could not find Schema for type ubc.githubgateway.domain.GitHubRepoId.Type.
225-scalaMainClasses-1001] Schemas can be derived automatically by adding: `import sttp.tapir.generic.auto._`, or manually using `Schema.derived[T]`.
225-scalaMainClasses-1001] The latter is also useful for debugging derivation errors.
225-scalaMainClasses-1001] You can find more details in the docs: https://tapir.softwaremill.com/en/latest/endpoint/schemas.html
225-scalaMainClasses-1001] When integrating with a third-party datatype library remember to import respective schemas/codecs as described in https://tapir.softwaremill.com/en/latest/endpoint/integrations.html.
225-scalaMainClasses-1001] I found:
225-scalaMainClasses-1001] 
225-scalaMainClasses-1001]     sttp.tapir.Schema.derivedEnumerationValue[Enumeration#Value]
225-scalaMainClasses-1001] 
225-scalaMainClasses-1001] But method derivedEnumerationValue in trait SchemaCompanionMacros does not match type sttp.tapir.Schema[ubc.githubgateway.domain.GitHubRepoId.Type].
225-scalaMainClasses-1001] 
225-scalaMainClasses-1004] [error] provider-gateways/github-gateway/api/internal-api-adapters/http/src/ubc/githubgateway/api/internal/http/GitHubGatewayHttpController.scala:24:32
225-scalaMainClasses-1004]       .out(jsonBody[GitHubRepo])
225-scalaMainClasses-1004]                                ^
225-scalaMainClasses-1004] Could not find Schema for type ubc.githubgateway.domain.GitHubRepoId.Type.
225-scalaMainClasses-1004] Schemas can be derived automatically by adding: `import sttp.tapir.generic.auto._`, or manually using `Schema.derived[T]`.
225-scalaMainClasses-1004] The latter is also useful for debugging derivation errors.
225-scalaMainClasses-1004] You can find more details in the docs: https://tapir.softwaremill.com/en/latest/endpoint/schemas.html
225-scalaMainClasses-1004] When integrating with a third-party datatype library remember to import respective schemas/codecs as described in https://tapir.softwaremill.com/en/latest/endpoint/integrations.html.
225-scalaMainClasses-1004] I found:
225-scalaMainClasses-1004] 
225-scalaMainClasses-1004]     sttp.tapir.Schema.derivedEnumerationValue[Enumeration#Value]
225-scalaMainClasses-1004] 
225-scalaMainClasses-1004] But method derivedEnumerationValue in trait SchemaCompanionMacros does not match type sttp.tapir.Schema[ubc.githubgateway.domain.GitHubRepoId.Type].
225-scalaMainClasses-1004] 
225-scalaMainClasses-1001] [error] one error found
225-scalaMainClasses-1001] [error] provider-gateways.github-gateway.api.external-api-adapters.http.compile task failed
225-scalaMainClasses-1004] [error] one error found
225-scalaMainClasses-1004] [error] provider-gateways.github-gateway.api.internal-api-adapters.http.compile task failed
225-scalaMainClasses-1002] [error] one error found
225-scalaMainClasses-1002] [error] provider-gateways.github-gateway.core.adapters.tapir-github-client.compile task failed
225-scalaMainClasses] [warn] provider-gateways.github-gateway.api.external-api-adapters.http.compile Compilation failed
225-scalaMainClasses] Failed
225-scalaMainClasses] Evaluating 1 task
225-scalaMainClasses] Done
225-scalaMainClasses] buildTargetScalaMainClasses took 10409 msec
226-compile] Entered buildTargetCompile
226-compile] Evaluating 1 task
226-compile-165] compiling 1 Scala source to .bsp/out/provider-gateways/github-gateway/domain/domainPrivate/semanticDbDataDetailed.dest/classes ...
226-compile-165] done compiling
226-compile-168] compiling 1 Scala source to .bsp/out/provider-gateways/github-gateway/domain/domainPrivateAdapterExtensions/magnum/semanticDbDataDetailed.dest/classes ...
226-compile-168] done compiling
226-compile] Done
226-compile] buildTargetCompile took 1251 msec
227-jvmRunEnvironmentFor] Entered buildTargetJvmRunEnvironment
227-jvmRunEnvironmentFor] Evaluating 1 task
227-jvmRunEnvironmentFor] Done
227-jvmRunEnvironmentFor] buildTargetJvmRunEnvironment took 95 msec
228-scalaMainClasses] Entered buildTargetScalaMainClasses
228-scalaMainClasses] Evaluating 1 task
228-scalaMainClasses] Done
228-scalaMainClasses] buildTargetScalaMainClasses took 106 msec
229-scalaTestClasses] Entered buildTargetScalaTestClasses
229-scalaTestClasses] buildTargetScalaTestClasses took 0 msec
230-compile] Entered buildTargetCompile
230-compile] buildTargetCompile took 0 msec
231-compile] Entered buildTargetCompile
231-compile] buildTargetCompile took 1 msec
bsp-init-build.mill-68] compiling 1 Scala source to .bsp/out/mill-build/compile.dest/classes ...
bsp-init-build.mill-68] done compiling
bsp-watch] Watching for changes to 6 paths and 6 other values...
bsp-init-build.mill-68] compiling 1 Scala source to .bsp/out/mill-build/compile.dest/classes ...
bsp-init-build.mill-68] done compiling
232-compile] buildTargetCompile was cancelled
233-workspaceBuildTargets] Entered workspaceBuildTargets
bsp-watch] Watching for changes to 6 paths and 6 other values...
233-workspaceBuildTargets] Evaluating 22 tasks
233-workspaceBuildTargets] Done
233-workspaceBuildTargets] Evaluating 1 task
233-workspaceBuildTargets] Done
233-workspaceBuildTargets] workspaceBuildTargets took 176 msec
234-scalaMainClasses] Entered buildTargetScalaMainClasses
234-scalaMainClasses] Evaluating 1 task
234-scalaMainClasses] Done
234-scalaMainClasses] buildTargetScalaMainClasses took 189 msec
235-scalaTestClasses] Entered buildTargetScalaTestClasses
235-scalaTestClasses] buildTargetScalaTestClasses took 0 msec
236-scalacOptions] Entered buildTargetScalacOptions
236-scalacOptions] Evaluating 22 tasks
236-scalacOptions] Done
236-scalacOptions] Evaluating 1 task
236-scalacOptions] Done
236-scalacOptions] buildTargetScalacOptions took 141 msec
237-javacOptions] Entered buildTargetJavacOptions
237-javacOptions] Evaluating 22 tasks
237-javacOptions] Done
237-javacOptions] Evaluating 1 task
237-javacOptions] Done
237-javacOptions] buildTargetJavacOptions took 2032 msec
238-sources] Entered buildTargetSources
238-sources] Evaluating 22 tasks
238-sources] Done
238-sources] Evaluating 1 task
238-sources] Done
238-sources] buildTargetSources took 43 msec
239-dependencySources] Entered buildTargetDependencySources
239-dependencySources] Evaluating 22 tasks
239-dependencySources] Done
239-dependencySources] Evaluating 1 task
239-dependencySources] Done
239-dependencySources] buildTargetDependencySources took 797 msec
240-dependencyModules] Entered buildTargetDependencyModules
240-dependencyModules] Evaluating 22 tasks
240-dependencyModules] Done
240-dependencyModules] Evaluating 1 task
240-dependencyModules] Done
240-dependencyModules] buildTargetDependencyModules took 200 msec
241-workspaceBuildTargets] Entered workspaceBuildTargets
241-workspaceBuildTargets] Evaluating 22 tasks
241-workspaceBuildTargets] Done
241-workspaceBuildTargets] Evaluating 1 task
241-workspaceBuildTargets] Done
241-workspaceBuildTargets] workspaceBuildTargets took 36 msec
242-compile] Entered buildTargetCompile
242-compile] Evaluating 1 task
242-compile] Done
242-compile] buildTargetCompile took 65 msec
243-scalacOptions] Entered buildTargetScalacOptions
243-scalacOptions] Evaluating 22 tasks
243-scalacOptions] Done
243-scalacOptions] Evaluating 1 task
243-scalacOptions] Done
243-scalacOptions] buildTargetScalacOptions took 49 msec
244-scalaMainClasses] Entered buildTargetScalaMainClasses
244-scalaMainClasses] Evaluating 1 task
244-scalaMainClasses] Done
244-scalaMainClasses] buildTargetScalaMainClasses took 68 msec
245-scalaTestClasses] Entered buildTargetScalaTestClasses
245-scalaTestClasses] buildTargetScalaTestClasses took 0 msec
246-javacOptions] Entered buildTargetJavacOptions
246-javacOptions] Evaluating 22 tasks
246-javacOptions] Done
246-javacOptions] Evaluating 1 task
246-javacOptions] Done
246-javacOptions] buildTargetJavacOptions took 135 msec
247-sources] Entered buildTargetSources
247-sources] Evaluating 22 tasks
247-sources] Done
247-sources] Evaluating 1 task
247-sources] Done
247-sources] buildTargetSources took 20 msec
248-dependencySources] Entered buildTargetDependencySources
248-dependencySources] Evaluating 22 tasks
248-dependencySources] Done
248-dependencySources] Evaluating 1 task
248-dependencySources] Done
248-dependencySources] buildTargetDependencySources took 64 msec
249-dependencyModules] Entered buildTargetDependencyModules
249-dependencyModules] Evaluating 22 tasks
249-dependencyModules] Done
249-dependencyModules] Evaluating 1 task
249-dependencyModules] Done
249-dependencyModules] buildTargetDependencyModules took 64 msec
250-scalaTestClasses] Entered buildTargetScalaTestClasses
250-scalaTestClasses] buildTargetScalaTestClasses took 0 msec
251-scalaMainClasses] Entered buildTargetScalaMainClasses
251-scalaMainClasses] Evaluating 18 tasks
251-scalaMainClasses-1012] compiling 1 Scala source to .bsp/out/provider-gateways/github-gateway/api/internal-api-adapters/http/compile.dest/classes ...
251-scalaMainClasses-0995] compiling 1 Scala source to .bsp/out/provider-gateways/github-gateway/core/adapters/tapir-github-client/compile.dest/classes ...
251-scalaMainClasses-1009] compiling 1 Scala source to .bsp/out/provider-gateways/github-gateway/api/external-api-adapters/http/compile.dest/classes ...
251-scalaMainClasses-1012] [error] provider-gateways/github-gateway/api/internal-api-adapters/http/src/ubc/githubgateway/api/internal/http/GitHubGatewayHttpController.scala:24:32
251-scalaMainClasses-1012]       .out(jsonBody[GitHubRepo])
251-scalaMainClasses-1012]                                ^
251-scalaMainClasses-1012] Could not find Schema for type ubc.githubgateway.domain.GitHubRepoId.Type.
251-scalaMainClasses-1012] Schemas can be derived automatically by adding: `import sttp.tapir.generic.auto._`, or manually using `Schema.derived[T]`.
251-scalaMainClasses-1012] The latter is also useful for debugging derivation errors.
251-scalaMainClasses-1012] You can find more details in the docs: https://tapir.softwaremill.com/en/latest/endpoint/schemas.html
251-scalaMainClasses-1012] When integrating with a third-party datatype library remember to import respective schemas/codecs as described in https://tapir.softwaremill.com/en/latest/endpoint/integrations.html.
251-scalaMainClasses-1012] I found:
251-scalaMainClasses-1012] 
251-scalaMainClasses-1012]     sttp.tapir.Schema.derivedEnumerationValue[Enumeration#Value]
251-scalaMainClasses-1012] 
251-scalaMainClasses-1012] But method derivedEnumerationValue in trait SchemaCompanionMacros does not match type sttp.tapir.Schema[ubc.githubgateway.domain.GitHubRepoId.Type].
251-scalaMainClasses-1012] 
251-scalaMainClasses-1012] [error] one error found
251-scalaMainClasses-1012] [error] provider-gateways.github-gateway.api.internal-api-adapters.http.compile task failed
251-scalaMainClasses-1009] done compiling
251-scalaMainClasses-0995] done compiling
251-scalaMainClasses] [warn] provider-gateways.github-gateway.api.internal-api-adapters.http.compile Compilation failed
251-scalaMainClasses] Failed
251-scalaMainClasses] Evaluating 1 task
251-scalaMainClasses] Done
251-scalaMainClasses] buildTargetScalaMainClasses took 10905 msec
252-compile] Entered buildTargetCompile
252-compile] Evaluating 1 task
252-compile] Done
252-compile] buildTargetCompile took 94 msec
253-jvmCompileClasspath] Entered buildTargetJvmCompileClasspath
253-jvmCompileClasspath] Evaluating 1 task
253-jvmCompileClasspath] Done
253-jvmCompileClasspath] buildTargetJvmCompileClasspath took 88 msec
254-jvmCompileClasspath] Entered buildTargetJvmCompileClasspath
254-jvmCompileClasspath] Evaluating 1 task
254-jvmCompileClasspath] Done
254-jvmCompileClasspath] buildTargetJvmCompileClasspath took 168 msec
255-compile] Entered buildTargetCompile
255-compile] buildTargetCompile took 0 msec
256-compile] Entered buildTargetCompile
256-compile] Evaluating 1 task
256-compile-214] compiling 1 Scala source to .bsp/out/provider-gateways/github-gateway/api/api-defn/jvm/semanticDbDataDetailed.dest/classes ...
256-compile-216] compiling 1 Scala source to .bsp/out/provider-gateways/github-gateway/domain/domainPublicAdapterExtensions/zio-json/semanticDbDataDetailed.dest/classes ...
256-compile-214] done compiling
256-compile-216] done compiling
256-compile-220] compiling 1 Scala source to .bsp/out/provider-gateways/github-gateway/api/external-api-adapters/http/semanticDbDataDetailed.dest/classes ...
256-compile-220] done compiling
256-compile] Done
256-compile] buildTargetCompile took 7432 msec
257-scalaTestClasses] Entered buildTargetScalaTestClasses
257-scalaTestClasses] buildTargetScalaTestClasses took 0 msec
258-scalaMainClasses] Entered buildTargetScalaMainClasses
258-scalaMainClasses] Evaluating 1 task
258-scalaMainClasses] Done
258-scalaMainClasses] buildTargetScalaMainClasses took 72 msec
259-jvmRunEnvironmentFor] Entered buildTargetJvmRunEnvironment
259-jvmRunEnvironmentFor] Evaluating 1 task
259-jvmRunEnvironmentFor] Done
259-jvmRunEnvironmentFor] buildTargetJvmRunEnvironment took 73 msec
260-compile] Entered buildTargetCompile
260-compile] Evaluating 1 task
260-compile-376] compiling 1 Scala source to .bsp/out/provider-gateways/github-gateway/core/core-impl/semanticDbDataDetailed.dest/classes ...
260-compile-376] done compiling
260-compile-380] compiling 1 Scala source to .bsp/out/provider-gateways/github-gateway/api/internal-api-adapters/http/semanticDbDataDetailed.dest/classes ...
260-compile-380] done compiling
260-compile] Done
260-compile] buildTargetCompile took 2552 msec
261-scalaMainClasses] Entered buildTargetScalaMainClasses
261-scalaMainClasses] Evaluating 1 task
261-scalaMainClasses-208] compiling 1 Scala source to .bsp/out/provider-gateways/github-gateway/api/external-api-adapters/http/compile.dest/classes ...
261-scalaMainClasses-208] done compiling
261-scalaMainClasses] Done
261-scalaMainClasses] buildTargetScalaMainClasses took 1342 msec
262-scalaTestClasses] Entered buildTargetScalaTestClasses
262-scalaTestClasses] buildTargetScalaTestClasses took 0 msec
263-scalaMainClasses] Entered buildTargetScalaMainClasses
263-scalaMainClasses] Evaluating 1 task
263-scalaMainClasses-349] compiling 1 Scala source to .bsp/out/provider-gateways/github-gateway/api/internal-api-adapters/http/compile.dest/classes ...
263-scalaMainClasses-349] done compiling
263-scalaMainClasses] Done
263-scalaMainClasses] buildTargetScalaMainClasses took 1333 msec
264-scalaTestClasses] Entered buildTargetScalaTestClasses
264-scalaTestClasses] buildTargetScalaTestClasses took 0 msec
265-compile] Entered buildTargetCompile
265-compile] buildTargetCompile took 0 msec
266-compile] Entered buildTargetCompile
266-compile] buildTargetCompile took 0 msec
267-compile] Entered buildTargetCompile
267-compile] buildTargetCompile took 0 msec
268-compile] Entered buildTargetCompile
268-compile] buildTargetCompile took 1 msec
bsp-init] Another Mill process with PID 375258 is running 'IDE:buildTargetCompile', waiting for it to be done... (tail -F .bsp/out/mill-console-tail to see its progress)
bsp-init-build.mill-68] compiling 1 Scala source to .bsp/out/mill-build/compile.dest/classes ...
bsp-init-build.mill-68] done compiling
269-compile] Entered buildTargetCompile
bsp-watch] Watching for changes to 6 paths and 6 other values...
269-compile] Evaluating 1 task
269-compile-68] compiling 1 Scala source to .bsp/out/mill-build/semanticDbDataDetailed.dest/classes ...
269-compile-68] done compiling
269-compile] Done
269-compile] buildTargetCompile took 4110 msec
270-jvmCompileClasspath] Entered buildTargetJvmCompileClasspath
270-jvmCompileClasspath] Evaluating 1 task
270-jvmCompileClasspath] Done
270-jvmCompileClasspath] buildTargetJvmCompileClasspath took 307 msec
271-workspaceBuildTargets] Entered workspaceBuildTargets
271-workspaceBuildTargets] Evaluating 22 tasks
271-workspaceBuildTargets] Done
271-workspaceBuildTargets] Evaluating 1 task
271-workspaceBuildTargets] Done
271-workspaceBuildTargets] workspaceBuildTargets took 164 msec
272-scalaMainClasses] Entered buildTargetScalaMainClasses
272-scalaMainClasses] Evaluating 1 task
272-scalaMainClasses] Done
272-scalaMainClasses] buildTargetScalaMainClasses took 306 msec
273-scalaTestClasses] Entered buildTargetScalaTestClasses
273-scalaTestClasses] buildTargetScalaTestClasses took 0 msec
274-jvmCompileClasspath] Entered buildTargetJvmCompileClasspath
274-jvmCompileClasspath] Evaluating 1 task
274-jvmCompileClasspath] Done
274-jvmCompileClasspath] buildTargetJvmCompileClasspath took 108 msec
275-compile] Entered buildTargetCompile
275-compile] Evaluating 2 tasks
275-compile-166] compiling 1 Scala source to .bsp/out/provider-gateways/github-gateway/domain/domainPrivate/semanticDbDataDetailed.dest/classes ...
275-compile-166] done compiling
275-compile-169] compiling 1 Scala source to .bsp/out/provider-gateways/github-gateway/domain/domainPrivateAdapterExtensions/magnum/semanticDbDataDetailed.dest/classes ...
275-compile-169] [error] provider-gateways/github-gateway/domain/domainPrivateAdapterExtensions/magnum/src/ubc/githubgateway/domain/internal/adapters/magnum/PrivateMagnumCodecs.scala:9:66
275-compile-169]   given DbCodec[UserId]     = DbCodec[String].biMap(UserId(_), _.unwrap)
275-compile-169]                                                                  ^^^^^^
275-compile-169] value unwrap is not a member of ubc.githubgateway.domain.internal.UserId.
275-compile-169] An extension method was tried, but could not be fully constructed:
275-compile-169] 
275-compile-169]     neotype.unwrap[A, ubc.githubgateway.domain.internal.UserId](_$2)(
275-compile-169]       /* missing */
275-compile-169]         summon[neotype.Newtype.WithType[A, ubc.githubgateway.domain.internal.UserId]
275-compile-169]           ]
275-compile-169]     )
275-compile-169] 
275-compile-169]     failed with:
275-compile-169] 
275-compile-169]         No given instance of type neotype.Newtype.WithType[A, ubc.githubgateway.domain.internal.UserId] was found for parameter newtype of method unwrap in package neotype
275-compile-169]         
275-compile-169]         where:    A is a type variable with constraint <: String
275-compile-169]         
275-compile-169] 
275-compile-169] [error] provider-gateways/github-gateway/domain/domainPrivateAdapterExtensions/magnum/src/ubc/githubgateway/domain/internal/adapters/magnum/PrivateMagnumCodecs.scala:10:70
275-compile-169]   given DbCodec[TokenScope] = DbCodec[String].biMap(TokenScope(_), _.unwrap)
275-compile-169]                                                                      ^^^^^^
275-compile-169] value unwrap is not a member of ubc.githubgateway.domain.internal.TokenScope.
275-compile-169] An extension method was tried, but could not be fully constructed:
275-compile-169] 
275-compile-169]     neotype.unwrap[A, ubc.githubgateway.domain.internal.TokenScope](_$4)(
275-compile-169]       /* missing */
275-compile-169]         summon[
275-compile-169]           neotype.Newtype.WithType[A, ubc.githubgateway.domain.internal.TokenScope]]
275-compile-169]       )
275-compile-169] 
275-compile-169]     failed with:
275-compile-169] 
275-compile-169]         No given instance of type neotype.Newtype.WithType[A, ubc.githubgateway.domain.internal.TokenScope] was found for parameter newtype of method unwrap in package neotype
275-compile-169]         
275-compile-169]         where:    A is a type variable with constraint <: String
275-compile-169]         
275-compile-169] 
275-compile-169] [error] provider-gateways/github-gateway/domain/domainPrivateAdapterExtensions/magnum/src/ubc/githubgateway/domain/internal/adapters/magnum/PrivateMagnumCodecs.scala:16:15
275-compile-169]       _.map(_.unwrap).mkString(",")
275-compile-169]               ^^^^^^
275-compile-169] value unwrap is not a member of ubc.githubgateway.domain.internal.TokenScope.
275-compile-169] An extension method was tried, but could not be fully constructed:
275-compile-169] 
275-compile-169]     neotype.unwrap[A, ubc.githubgateway.domain.internal.TokenScope](_$8)(
275-compile-169]       /* missing */
275-compile-169]         summon[
275-compile-169]           neotype.Newtype.WithType[A, ubc.githubgateway.domain.internal.TokenScope]]
275-compile-169]       )
275-compile-169] 
275-compile-169]     failed with:
275-compile-169] 
275-compile-169]         No given instance of type neotype.Newtype.WithType[A, ubc.githubgateway.domain.internal.TokenScope] was found for parameter newtype of method unwrap in package neotype
275-compile-169]         
275-compile-169]         where:    A is a type variable
275-compile-169]         
275-compile-169] 
275-compile-169] [error] three errors found
275-compile-169] [error] provider-gateways.github-gateway.domain.domainPrivateAdapterExtensions.magnum.semanticDbDataDetailed task failed
275-compile] Done
275-compile] buildTargetCompile took 4641 msec
276-scalacOptions] Entered buildTargetScalacOptions
276-scalacOptions] Evaluating 22 tasks
276-scalacOptions] Done
276-scalacOptions] Evaluating 1 task
276-scalacOptions] Done
276-scalacOptions] buildTargetScalacOptions took 221 msec
277-scalaMainClasses] Entered buildTargetScalaMainClasses
277-scalaMainClasses] Evaluating 2 tasks
277-scalaMainClasses-164] compiling 1 Scala source to .bsp/out/provider-gateways/github-gateway/domain/domainPrivate/compile.dest/classes ...
277-scalaMainClasses-164] done compiling
277-scalaMainClasses-170] compiling 1 Scala source to .bsp/out/provider-gateways/github-gateway/domain/domainPrivateAdapterExtensions/magnum/compile.dest/classes ...
277-scalaMainClasses-170] [error] provider-gateways/github-gateway/domain/domainPrivateAdapterExtensions/magnum/src/ubc/githubgateway/domain/internal/adapters/magnum/PrivateMagnumCodecs.scala:9:66
277-scalaMainClasses-170]   given DbCodec[UserId]     = DbCodec[String].biMap(UserId(_), _.unwrap)
277-scalaMainClasses-170]                                                                  ^^^^^^
277-scalaMainClasses-170] value unwrap is not a member of ubc.githubgateway.domain.internal.UserId.
277-scalaMainClasses-170] An extension method was tried, but could not be fully constructed:
277-scalaMainClasses-170] 
277-scalaMainClasses-170]     neotype.unwrap[A, ubc.githubgateway.domain.internal.UserId](_$2)(
277-scalaMainClasses-170]       /* missing */
277-scalaMainClasses-170]         summon[neotype.Newtype.WithType[A, ubc.githubgateway.domain.internal.UserId]
277-scalaMainClasses-170]           ]
277-scalaMainClasses-170]     )
277-scalaMainClasses-170] 
277-scalaMainClasses-170]     failed with:
277-scalaMainClasses-170] 
277-scalaMainClasses-170]         No given instance of type neotype.Newtype.WithType[A, ubc.githubgateway.domain.internal.UserId] was found for parameter newtype of method unwrap in package neotype
277-scalaMainClasses-170]         
277-scalaMainClasses-170]         where:    A is a type variable with constraint <: String
277-scalaMainClasses-170]         
277-scalaMainClasses-170] 
277-scalaMainClasses-170] [error] provider-gateways/github-gateway/domain/domainPrivateAdapterExtensions/magnum/src/ubc/githubgateway/domain/internal/adapters/magnum/PrivateMagnumCodecs.scala:10:70
277-scalaMainClasses-170]   given DbCodec[TokenScope] = DbCodec[String].biMap(TokenScope(_), _.unwrap)
277-scalaMainClasses-170]                                                                      ^^^^^^
277-scalaMainClasses-170] value unwrap is not a member of ubc.githubgateway.domain.internal.TokenScope.
277-scalaMainClasses-170] An extension method was tried, but could not be fully constructed:
277-scalaMainClasses-170] 
277-scalaMainClasses-170]     neotype.unwrap[A, ubc.githubgateway.domain.internal.TokenScope](_$4)(
277-scalaMainClasses-170]       /* missing */
277-scalaMainClasses-170]         summon[
277-scalaMainClasses-170]           neotype.Newtype.WithType[A, ubc.githubgateway.domain.internal.TokenScope]]
277-scalaMainClasses-170]       )
277-scalaMainClasses-170] 
277-scalaMainClasses-170]     failed with:
277-scalaMainClasses-170] 
277-scalaMainClasses-170]         No given instance of type neotype.Newtype.WithType[A, ubc.githubgateway.domain.internal.TokenScope] was found for parameter newtype of method unwrap in package neotype
277-scalaMainClasses-170]         
277-scalaMainClasses-170]         where:    A is a type variable with constraint <: String
277-scalaMainClasses-170]         
277-scalaMainClasses-170] 
277-scalaMainClasses-170] [error] provider-gateways/github-gateway/domain/domainPrivateAdapterExtensions/magnum/src/ubc/githubgateway/domain/internal/adapters/magnum/PrivateMagnumCodecs.scala:16:15
277-scalaMainClasses-170]       _.map(_.unwrap).mkString(",")
277-scalaMainClasses-170]               ^^^^^^
277-scalaMainClasses-170] value unwrap is not a member of ubc.githubgateway.domain.internal.TokenScope.
277-scalaMainClasses-170] An extension method was tried, but could not be fully constructed:
277-scalaMainClasses-170] 
277-scalaMainClasses-170]     neotype.unwrap[A, ubc.githubgateway.domain.internal.TokenScope](_$8)(
277-scalaMainClasses-170]       /* missing */
277-scalaMainClasses-170]         summon[
277-scalaMainClasses-170]           neotype.Newtype.WithType[A, ubc.githubgateway.domain.internal.TokenScope]]
277-scalaMainClasses-170]       )
277-scalaMainClasses-170] 
277-scalaMainClasses-170]     failed with:
277-scalaMainClasses-170] 
277-scalaMainClasses-170]         No given instance of type neotype.Newtype.WithType[A, ubc.githubgateway.domain.internal.TokenScope] was found for parameter newtype of method unwrap in package neotype
277-scalaMainClasses-170]         
277-scalaMainClasses-170]         where:    A is a type variable
277-scalaMainClasses-170]         
277-scalaMainClasses-170] 
277-scalaMainClasses-170] [error] three errors found
277-scalaMainClasses-170] [error] provider-gateways.github-gateway.domain.domainPrivateAdapterExtensions.magnum.compile task failed
277-scalaMainClasses] [warn] provider-gateways.github-gateway.domain.domainPrivateAdapterExtensions.magnum.compile Compilation failed
277-scalaMainClasses] Failed
277-scalaMainClasses] buildTargetScalaMainClasses took 1831 msec
278-scalaTestClasses] Entered buildTargetScalaTestClasses
278-scalaTestClasses] buildTargetScalaTestClasses took 0 msec
279-compile] Entered buildTargetCompile
279-compile] Evaluating 1 task
279-compile-219] compiling 1 Scala source to .bsp/out/provider-gateways/github-gateway/core/ports/semanticDbDataDetailed.dest/classes ...
279-compile-219] done compiling
279-compile-222] compiling 1 Scala source to .bsp/out/provider-gateways/github-gateway/core/core-impl/semanticDbDataDetailed.dest/classes ...
279-compile-222] [error] provider-gateways/github-gateway/core/core-impl/src/ubc/githubgateway/core/GitHubGatewayService.scala:15:16
279-compile-222]       userId = userId,
279-compile-222]                ^^^^^^
279-compile-222] Found:    (userId : ubc.githubgateway.domain.internal.UserId)
279-compile-222] Required: ubc.githubgateway.domain.internal.UserId²
279-compile-222] 
279-compile-222] where:    UserId  is a class in package ubc.githubgateway.domain.internal
279-compile-222]           UserId² is a type in the top-level definitions in package internal which is an alias of ubc.githubgateway.domain.internal.UserId.Type
279-compile-222] 
279-compile-222] 
279-compile-222] [error] provider-gateways/github-gateway/core/core-impl/src/ubc/githubgateway/core/GitHubGatewayService.scala:26:69
279-compile-222]       _          <- ZIO.fail(Exception(s"No token for user ${userId.unwrap}")).when(maybeToken.isEmpty)
279-compile-222]                                                                     ^^^^^^
279-compile-222] value unwrap is not a member of ubc.githubgateway.domain.internal.UserId.
279-compile-222] An extension method was tried, but could not be fully constructed:
279-compile-222] 
279-compile-222]     neotype.unwrap[A, ubc.githubgateway.domain.internal.UserId](userId)(
279-compile-222]       /* missing */
279-compile-222]         summon[neotype.Newtype.WithType[A, ubc.githubgateway.domain.internal.UserId]
279-compile-222]           ]
279-compile-222]     )
279-compile-222] 
279-compile-222]     failed with:
279-compile-222] 
279-compile-222]         No given instance of type neotype.Newtype.WithType[A, ubc.githubgateway.domain.internal.UserId] was found for parameter newtype of method unwrap in package neotype
279-compile-222]         
279-compile-222]         where:    A is a type variable
279-compile-222]         
279-compile-222] 
279-compile-222] [error] provider-gateways/github-gateway/core/core-impl/src/ubc/githubgateway/core/GitHubGatewayService.scala:33:69
279-compile-222]       _          <- ZIO.fail(Exception(s"No token for user ${userId.unwrap}")).when(maybeToken.isEmpty)
279-compile-222]                                                                     ^^^^^^
279-compile-222] value unwrap is not a member of ubc.githubgateway.domain.internal.UserId.
279-compile-222] An extension method was tried, but could not be fully constructed:
279-compile-222] 
279-compile-222]     neotype.unwrap[A, ubc.githubgateway.domain.internal.UserId](userId)(
279-compile-222]       /* missing */
279-compile-222]         summon[neotype.Newtype.WithType[A, ubc.githubgateway.domain.internal.UserId]
279-compile-222]           ]
279-compile-222]     )
279-compile-222] 
279-compile-222]     failed with:
279-compile-222] 
279-compile-222]         No given instance of type neotype.Newtype.WithType[A, ubc.githubgateway.domain.internal.UserId] was found for parameter newtype of method unwrap in package neotype
279-compile-222]         
279-compile-222]         where:    A is a type variable
279-compile-222]         
279-compile-222] 
279-compile-222] [error] three errors found
279-compile-222] [error] provider-gateways.github-gateway.core.core-impl.semanticDbDataDetailed task failed
279-compile] Done
279-compile] buildTargetCompile took 1904 msec
280-javacOptions] Entered buildTargetJavacOptions
280-javacOptions] Evaluating 22 tasks
280-javacOptions] Done
280-javacOptions] Evaluating 1 task
280-javacOptions] Done
280-javacOptions] buildTargetJavacOptions took 671 msec
281-scalaMainClasses] Entered buildTargetScalaMainClasses
281-scalaMainClasses] Evaluating 1 task
281-scalaMainClasses-206] compiling 1 Scala source to .bsp/out/provider-gateways/github-gateway/core/ports/compile.dest/classes ...
281-scalaMainClasses-206] done compiling
281-scalaMainClasses-209] compiling 1 Scala source to .bsp/out/provider-gateways/github-gateway/core/core-impl/compile.dest/classes ...
281-scalaMainClasses-209] [error] provider-gateways/github-gateway/core/core-impl/src/ubc/githubgateway/core/GitHubGatewayService.scala:15:16
281-scalaMainClasses-209]       userId = userId,
281-scalaMainClasses-209]                ^^^^^^
281-scalaMainClasses-209] Found:    (userId : ubc.githubgateway.domain.internal.UserId)
281-scalaMainClasses-209] Required: ubc.githubgateway.domain.internal.UserId²
281-scalaMainClasses-209] 
281-scalaMainClasses-209] where:    UserId  is a class in package ubc.githubgateway.domain.internal
281-scalaMainClasses-209]           UserId² is a type in the top-level definitions in package internal which is an alias of ubc.githubgateway.domain.internal.UserId.Type
281-scalaMainClasses-209] 
281-scalaMainClasses-209] 
281-scalaMainClasses-209] [error] provider-gateways/github-gateway/core/core-impl/src/ubc/githubgateway/core/GitHubGatewayService.scala:26:69
281-scalaMainClasses-209]       _          <- ZIO.fail(Exception(s"No token for user ${userId.unwrap}")).when(maybeToken.isEmpty)
281-scalaMainClasses-209]                                                                     ^^^^^^
281-scalaMainClasses-209] value unwrap is not a member of ubc.githubgateway.domain.internal.UserId.
281-scalaMainClasses-209] An extension method was tried, but could not be fully constructed:
281-scalaMainClasses-209] 
281-scalaMainClasses-209]     neotype.unwrap[A, ubc.githubgateway.domain.internal.UserId](userId)(
281-scalaMainClasses-209]       /* missing */
281-scalaMainClasses-209]         summon[neotype.Newtype.WithType[A, ubc.githubgateway.domain.internal.UserId]
281-scalaMainClasses-209]           ]
281-scalaMainClasses-209]     )
281-scalaMainClasses-209] 
281-scalaMainClasses-209]     failed with:
281-scalaMainClasses-209] 
281-scalaMainClasses-209]         No given instance of type neotype.Newtype.WithType[A, ubc.githubgateway.domain.internal.UserId] was found for parameter newtype of method unwrap in package neotype
281-scalaMainClasses-209]         
281-scalaMainClasses-209]         where:    A is a type variable
281-scalaMainClasses-209]         
281-scalaMainClasses-209] 
281-scalaMainClasses-209] [error] provider-gateways/github-gateway/core/core-impl/src/ubc/githubgateway/core/GitHubGatewayService.scala:33:69
281-scalaMainClasses-209]       _          <- ZIO.fail(Exception(s"No token for user ${userId.unwrap}")).when(maybeToken.isEmpty)
281-scalaMainClasses-209]                                                                     ^^^^^^
281-scalaMainClasses-209] value unwrap is not a member of ubc.githubgateway.domain.internal.UserId.
281-scalaMainClasses-209] An extension method was tried, but could not be fully constructed:
281-scalaMainClasses-209] 
281-scalaMainClasses-209]     neotype.unwrap[A, ubc.githubgateway.domain.internal.UserId](userId)(
281-scalaMainClasses-209]       /* missing */
281-scalaMainClasses-209]         summon[neotype.Newtype.WithType[A, ubc.githubgateway.domain.internal.UserId]
281-scalaMainClasses-209]           ]
281-scalaMainClasses-209]     )
281-scalaMainClasses-209] 
281-scalaMainClasses-209]     failed with:
281-scalaMainClasses-209] 
281-scalaMainClasses-209]         No given instance of type neotype.Newtype.WithType[A, ubc.githubgateway.domain.internal.UserId] was found for parameter newtype of method unwrap in package neotype
281-scalaMainClasses-209]         
281-scalaMainClasses-209]         where:    A is a type variable
281-scalaMainClasses-209]         
281-scalaMainClasses-209] 
281-scalaMainClasses-209] [error] three errors found
281-scalaMainClasses-209] [error] provider-gateways.github-gateway.core.core-impl.compile task failed
281-scalaMainClasses] [warn] provider-gateways.github-gateway.core.core-impl.compile Compilation failed
281-scalaMainClasses] Failed
281-scalaMainClasses] buildTargetScalaMainClasses took 1163 msec
282-scalaTestClasses] Entered buildTargetScalaTestClasses
282-scalaTestClasses] buildTargetScalaTestClasses took 0 msec
283-sources] Entered buildTargetSources
283-sources] Evaluating 22 tasks
283-sources] Done
283-sources] Evaluating 1 task
283-sources] Done
283-sources] buildTargetSources took 38 msec
284-dependencySources] Entered buildTargetDependencySources
284-dependencySources] Evaluating 22 tasks
284-dependencySources] Done
284-dependencySources] Evaluating 1 task
284-dependencySources] Done
284-dependencySources] buildTargetDependencySources took 364 msec
285-dependencyModules] Entered buildTargetDependencyModules
285-dependencyModules] Evaluating 22 tasks
285-dependencyModules] Done
285-dependencyModules] Evaluating 1 task
285-dependencyModules] Done
285-dependencyModules] buildTargetDependencyModules took 252 msec
286-scalaMainClasses] Entered buildTargetScalaMainClasses
286-scalaMainClasses] Evaluating 18 tasks
286-scalaMainClasses-0958] compiling 1 Scala source to .bsp/out/provider-gateways/github-gateway/core/core-impl/compile.dest/classes ...
286-scalaMainClasses-0977] compiling 1 Scala source to .bsp/out/provider-gateways/github-gateway/domain/domainPrivateAdapterExtensions/magnum/compile.dest/classes ...
286-scalaMainClasses-0990] compiling 1 Scala source to .bsp/out/provider-gateways/github-gateway/core/adapters/tapir-github-client/compile.dest/classes ...
286-scalaMainClasses-0991] compiling 1 Scala source to .bsp/out/provider-gateways/github-gateway/domain/domainPrivateAdapterExtensions/zio-json/compile.dest/classes ...
286-scalaMainClasses-0977] [error] provider-gateways/github-gateway/domain/domainPrivateAdapterExtensions/magnum/src/ubc/githubgateway/domain/internal/adapters/magnum/PrivateMagnumCodecs.scala:9:66
286-scalaMainClasses-0977]   given DbCodec[UserId]     = DbCodec[String].biMap(UserId(_), _.unwrap)
286-scalaMainClasses-0977]                                                                  ^^^^^^
286-scalaMainClasses-0977] value unwrap is not a member of ubc.githubgateway.domain.internal.UserId.
286-scalaMainClasses-0977] An extension method was tried, but could not be fully constructed:
286-scalaMainClasses-0977] 
286-scalaMainClasses-0977]     neotype.unwrap[A, ubc.githubgateway.domain.internal.UserId](_$2)(
286-scalaMainClasses-0977]       /* missing */
286-scalaMainClasses-0977]         summon[neotype.Newtype.WithType[A, ubc.githubgateway.domain.internal.UserId]
286-scalaMainClasses-0977]           ]
286-scalaMainClasses-0977]     )
286-scalaMainClasses-0977] 
286-scalaMainClasses-0977]     failed with:
286-scalaMainClasses-0977] 
286-scalaMainClasses-0977]         No given instance of type neotype.Newtype.WithType[A, ubc.githubgateway.domain.internal.UserId] was found for parameter newtype of method unwrap in package neotype
286-scalaMainClasses-0977]         
286-scalaMainClasses-0977]         where:    A is a type variable with constraint <: String
286-scalaMainClasses-0977]         
286-scalaMainClasses-0977] 
286-scalaMainClasses-0977] [error] provider-gateways/github-gateway/domain/domainPrivateAdapterExtensions/magnum/src/ubc/githubgateway/domain/internal/adapters/magnum/PrivateMagnumCodecs.scala:10:70
286-scalaMainClasses-0977]   given DbCodec[TokenScope] = DbCodec[String].biMap(TokenScope(_), _.unwrap)
286-scalaMainClasses-0977]                                                                      ^^^^^^
286-scalaMainClasses-0977] value unwrap is not a member of ubc.githubgateway.domain.internal.TokenScope.
286-scalaMainClasses-0977] An extension method was tried, but could not be fully constructed:
286-scalaMainClasses-0977] 
286-scalaMainClasses-0977]     neotype.unwrap[A, ubc.githubgateway.domain.internal.TokenScope](_$4)(
286-scalaMainClasses-0977]       /* missing */
286-scalaMainClasses-0977]         summon[
286-scalaMainClasses-0977]           neotype.Newtype.WithType[A, ubc.githubgateway.domain.internal.TokenScope]]
286-scalaMainClasses-0977]       )
286-scalaMainClasses-0977] 
286-scalaMainClasses-0977]     failed with:
286-scalaMainClasses-0977] 
286-scalaMainClasses-0977]         No given instance of type neotype.Newtype.WithType[A, ubc.githubgateway.domain.internal.TokenScope] was found for parameter newtype of method unwrap in package neotype
286-scalaMainClasses-0977]         
286-scalaMainClasses-0977]         where:    A is a type variable with constraint <: String
286-scalaMainClasses-0977]         
286-scalaMainClasses-0977] 
286-scalaMainClasses-0958] [error] provider-gateways/github-gateway/core/core-impl/src/ubc/githubgateway/core/GitHubGatewayService.scala:15:16
286-scalaMainClasses-0958]       userId = userId,
286-scalaMainClasses-0958]                ^^^^^^
286-scalaMainClasses-0958] Found:    (userId : ubc.githubgateway.domain.internal.UserId)
286-scalaMainClasses-0958] Required: ubc.githubgateway.domain.internal.UserId²
286-scalaMainClasses-0958] 
286-scalaMainClasses-0958] where:    UserId  is a class in package ubc.githubgateway.domain.internal
286-scalaMainClasses-0958]           UserId² is a type in the top-level definitions in package internal which is an alias of ubc.githubgateway.domain.internal.UserId.Type
286-scalaMainClasses-0958] 
286-scalaMainClasses-0958] 
286-scalaMainClasses-0977] [error] provider-gateways/github-gateway/domain/domainPrivateAdapterExtensions/magnum/src/ubc/githubgateway/domain/internal/adapters/magnum/PrivateMagnumCodecs.scala:16:15
286-scalaMainClasses-0977]       _.map(_.unwrap).mkString(",")
286-scalaMainClasses-0977]               ^^^^^^
286-scalaMainClasses-0977] value unwrap is not a member of ubc.githubgateway.domain.internal.TokenScope.
286-scalaMainClasses-0977] An extension method was tried, but could not be fully constructed:
286-scalaMainClasses-0977] 
286-scalaMainClasses-0977]     neotype.unwrap[A, ubc.githubgateway.domain.internal.TokenScope](_$8)(
286-scalaMainClasses-0977]       /* missing */
286-scalaMainClasses-0977]         summon[
286-scalaMainClasses-0977]           neotype.Newtype.WithType[A, ubc.githubgateway.domain.internal.TokenScope]]
286-scalaMainClasses-0977]       )
286-scalaMainClasses-0977] 
286-scalaMainClasses-0977]     failed with:
286-scalaMainClasses-0977] 
286-scalaMainClasses-0977]         No given instance of type neotype.Newtype.WithType[A, ubc.githubgateway.domain.internal.TokenScope] was found for parameter newtype of method unwrap in package neotype
286-scalaMainClasses-0977]         
286-scalaMainClasses-0977]         where:    A is a type variable
286-scalaMainClasses-0977]         
286-scalaMainClasses-0977] 
286-scalaMainClasses-0977] [error] three errors found
286-scalaMainClasses-0977] [error] provider-gateways.github-gateway.domain.domainPrivateAdapterExtensions.magnum.compile task failed
286-scalaMainClasses-0958] [error] provider-gateways/github-gateway/core/core-impl/src/ubc/githubgateway/core/GitHubGatewayService.scala:26:69
286-scalaMainClasses-0958]       _          <- ZIO.fail(Exception(s"No token for user ${userId.unwrap}")).when(maybeToken.isEmpty)
286-scalaMainClasses-0958]                                                                     ^^^^^^
286-scalaMainClasses-0958] value unwrap is not a member of ubc.githubgateway.domain.internal.UserId.
286-scalaMainClasses-0958] An extension method was tried, but could not be fully constructed:
286-scalaMainClasses-0958] 
286-scalaMainClasses-0958]     neotype.unwrap[A, ubc.githubgateway.domain.internal.UserId](userId)(
286-scalaMainClasses-0958]       /* missing */
286-scalaMainClasses-0958]         summon[neotype.Newtype.WithType[A, ubc.githubgateway.domain.internal.UserId]
286-scalaMainClasses-0958]           ]
286-scalaMainClasses-0958]     )
286-scalaMainClasses-0958] 
286-scalaMainClasses-0958]     failed with:
286-scalaMainClasses-0958] 
286-scalaMainClasses-0958]         No given instance of type neotype.Newtype.WithType[A, ubc.githubgateway.domain.internal.UserId] was found for parameter newtype of method unwrap in package neotype
286-scalaMainClasses-0958]         
286-scalaMainClasses-0958]         where:    A is a type variable
286-scalaMainClasses-0958]         
286-scalaMainClasses-0958] 
286-scalaMainClasses-0958] [error] provider-gateways/github-gateway/core/core-impl/src/ubc/githubgateway/core/GitHubGatewayService.scala:33:69
286-scalaMainClasses-0958]       _          <- ZIO.fail(Exception(s"No token for user ${userId.unwrap}")).when(maybeToken.isEmpty)
286-scalaMainClasses-0958]                                                                     ^^^^^^
286-scalaMainClasses-0958] value unwrap is not a member of ubc.githubgateway.domain.internal.UserId.
286-scalaMainClasses-0958] An extension method was tried, but could not be fully constructed:
286-scalaMainClasses-0958] 
286-scalaMainClasses-0958]     neotype.unwrap[A, ubc.githubgateway.domain.internal.UserId](userId)(
286-scalaMainClasses-0958]       /* missing */
286-scalaMainClasses-0958]         summon[neotype.Newtype.WithType[A, ubc.githubgateway.domain.internal.UserId]
286-scalaMainClasses-0958]           ]
286-scalaMainClasses-0958]     )
286-scalaMainClasses-0958] 
286-scalaMainClasses-0958]     failed with:
286-scalaMainClasses-0958] 
286-scalaMainClasses-0958]         No given instance of type neotype.Newtype.WithType[A, ubc.githubgateway.domain.internal.UserId] was found for parameter newtype of method unwrap in package neotype
286-scalaMainClasses-0958]         
286-scalaMainClasses-0958]         where:    A is a type variable
286-scalaMainClasses-0958]         
286-scalaMainClasses-0958] 
286-scalaMainClasses-0958] [error] three errors found
286-scalaMainClasses-0958] [error] provider-gateways.github-gateway.core.core-impl.compile task failed
286-scalaMainClasses-0991] [error] provider-gateways/github-gateway/domain/domainPrivateAdapterExtensions/zio-json/src/ubc/githubgateway/domain/internal/adapters/json/PrivateJsonCodecs.scala:10:36
286-scalaMainClasses-0991]   given JsonCodec[InternalToken] = DeriveJsonCodec.gen
286-scalaMainClasses-0991]                                    ^^^^^^^^^^^^^^^^^^^
286-scalaMainClasses-0991] No given instance of type zio.json.JsonEncoder[ubc.githubgateway.domain.internal.UserId.Type] was found.
286-scalaMainClasses-0991] I found:
286-scalaMainClasses-0991] 
286-scalaMainClasses-0991]     zio.json.JsonEncoder.unionOfStringEnumeration[
286-scalaMainClasses-0991]       ubc.githubgateway.domain.internal.UserId.Type](???)
286-scalaMainClasses-0991] 
286-scalaMainClasses-0991] But macro expansion was stopped.
286-scalaMainClasses-0991] 
286-scalaMainClasses-0991] [error] one error found
286-scalaMainClasses-0991] [error] provider-gateways.github-gateway.domain.domainPrivateAdapterExtensions.zio-json.compile task failed
286-scalaMainClasses-0990] done compiling
286-scalaMainClasses] [warn] provider-gateways.github-gateway.domain.domainPrivateAdapterExtensions.magnum.compile Compilation failed
286-scalaMainClasses] Failed
286-scalaMainClasses] Evaluating 1 task
286-scalaMainClasses] Done
286-scalaMainClasses] buildTargetScalaMainClasses took 6544 msec
287-scalaTestClasses] Entered buildTargetScalaTestClasses
287-scalaTestClasses] buildTargetScalaTestClasses took 0 msec
288-compile] Entered buildTargetCompile
288-compile] Evaluating 2 tasks
288-compile-317] compiling 1 Scala source to .bsp/out/provider-gateways/github-gateway/domain/domainPrivateAdapterExtensions/magnum/semanticDbDataDetailed.dest/classes ...
288-compile-319] compiling 1 Scala source to .bsp/out/provider-gateways/github-gateway/domain/domainPublicAdapterExtensions/magnum/semanticDbDataDetailed.dest/classes ...
288-compile-317] [error] provider-gateways/github-gateway/domain/domainPrivateAdapterExtensions/magnum/src/ubc/githubgateway/domain/internal/adapters/magnum/PrivateMagnumCodecs.scala:9:66
288-compile-317]   given DbCodec[UserId]     = DbCodec[String].biMap(UserId(_), _.unwrap)
288-compile-317]                                                                  ^^^^^^
288-compile-317] value unwrap is not a member of ubc.githubgateway.domain.internal.UserId.
288-compile-317] An extension method was tried, but could not be fully constructed:
288-compile-317] 
288-compile-317]     neotype.unwrap[A, ubc.githubgateway.domain.internal.UserId](_$2)(
288-compile-317]       /* missing */
288-compile-317]         summon[neotype.Newtype.WithType[A, ubc.githubgateway.domain.internal.UserId]
288-compile-317]           ]
288-compile-317]     )
288-compile-317] 
288-compile-317]     failed with:
288-compile-317] 
288-compile-317]         No given instance of type neotype.Newtype.WithType[A, ubc.githubgateway.domain.internal.UserId] was found for parameter newtype of method unwrap in package neotype
288-compile-317]         
288-compile-317]         where:    A is a type variable with constraint <: String
288-compile-317]         
288-compile-317] 
288-compile-317] [error] provider-gateways/github-gateway/domain/domainPrivateAdapterExtensions/magnum/src/ubc/githubgateway/domain/internal/adapters/magnum/PrivateMagnumCodecs.scala:10:70
288-compile-317]   given DbCodec[TokenScope] = DbCodec[String].biMap(TokenScope(_), _.unwrap)
288-compile-317]                                                                      ^^^^^^
288-compile-317] value unwrap is not a member of ubc.githubgateway.domain.internal.TokenScope.
288-compile-317] An extension method was tried, but could not be fully constructed:
288-compile-317] 
288-compile-317]     neotype.unwrap[A, ubc.githubgateway.domain.internal.TokenScope](_$4)(
288-compile-317]       /* missing */
288-compile-317]         summon[
288-compile-317]           neotype.Newtype.WithType[A, ubc.githubgateway.domain.internal.TokenScope]]
288-compile-317]       )
288-compile-317] 
288-compile-317]     failed with:
288-compile-317] 
288-compile-317]         No given instance of type neotype.Newtype.WithType[A, ubc.githubgateway.domain.internal.TokenScope] was found for parameter newtype of method unwrap in package neotype
288-compile-317]         
288-compile-317]         where:    A is a type variable with constraint <: String
288-compile-317]         
288-compile-317] 
288-compile-319] done compiling
288-compile-317] [error] provider-gateways/github-gateway/domain/domainPrivateAdapterExtensions/magnum/src/ubc/githubgateway/domain/internal/adapters/magnum/PrivateMagnumCodecs.scala:16:15
288-compile-317]       _.map(_.unwrap).mkString(",")
288-compile-317]               ^^^^^^
288-compile-317] value unwrap is not a member of ubc.githubgateway.domain.internal.TokenScope.
288-compile-317] An extension method was tried, but could not be fully constructed:
288-compile-317] 
288-compile-317]     neotype.unwrap[A, ubc.githubgateway.domain.internal.TokenScope](_$8)(
288-compile-317]       /* missing */
288-compile-317]         summon[
288-compile-317]           neotype.Newtype.WithType[A, ubc.githubgateway.domain.internal.TokenScope]]
288-compile-317]       )
288-compile-317] 
288-compile-317]     failed with:
288-compile-317] 
288-compile-317]         No given instance of type neotype.Newtype.WithType[A, ubc.githubgateway.domain.internal.TokenScope] was found for parameter newtype of method unwrap in package neotype
288-compile-317]         
288-compile-317]         where:    A is a type variable
288-compile-317]         
288-compile-317] 
288-compile-317] [error] three errors found
288-compile-317] [error] provider-gateways.github-gateway.domain.domainPrivateAdapterExtensions.magnum.semanticDbDataDetailed task failed
288-compile] Done
288-compile] buildTargetCompile took 927 msec
289-compile] Entered buildTargetCompile
289-compile] buildTargetCompile took 0 msec
290-scalaMainClasses] Entered buildTargetScalaMainClasses
290-scalaMainClasses] Evaluating 2 tasks
290-scalaMainClasses-301] compiling 1 Scala source to .bsp/out/provider-gateways/github-gateway/domain/domainPrivateAdapterExtensions/magnum/compile.dest/classes ...
290-scalaMainClasses-301] [error] provider-gateways/github-gateway/domain/domainPrivateAdapterExtensions/magnum/src/ubc/githubgateway/domain/internal/adapters/magnum/PrivateMagnumCodecs.scala:9:66
290-scalaMainClasses-301]   given DbCodec[UserId]     = DbCodec[String].biMap(UserId(_), _.unwrap)
290-scalaMainClasses-301]                                                                  ^^^^^^
290-scalaMainClasses-301] value unwrap is not a member of ubc.githubgateway.domain.internal.UserId.
290-scalaMainClasses-301] An extension method was tried, but could not be fully constructed:
290-scalaMainClasses-301] 
290-scalaMainClasses-301]     neotype.unwrap[A, ubc.githubgateway.domain.internal.UserId](_$2)(
290-scalaMainClasses-301]       /* missing */
290-scalaMainClasses-301]         summon[neotype.Newtype.WithType[A, ubc.githubgateway.domain.internal.UserId]
290-scalaMainClasses-301]           ]
290-scalaMainClasses-301]     )
290-scalaMainClasses-301] 
290-scalaMainClasses-301]     failed with:
290-scalaMainClasses-301] 
290-scalaMainClasses-301]         No given instance of type neotype.Newtype.WithType[A, ubc.githubgateway.domain.internal.UserId] was found for parameter newtype of method unwrap in package neotype
290-scalaMainClasses-301]         
290-scalaMainClasses-301]         where:    A is a type variable with constraint <: String
290-scalaMainClasses-301]         
290-scalaMainClasses-301] 
290-scalaMainClasses-301] [error] provider-gateways/github-gateway/domain/domainPrivateAdapterExtensions/magnum/src/ubc/githubgateway/domain/internal/adapters/magnum/PrivateMagnumCodecs.scala:10:70
290-scalaMainClasses-301]   given DbCodec[TokenScope] = DbCodec[String].biMap(TokenScope(_), _.unwrap)
290-scalaMainClasses-301]                                                                      ^^^^^^
290-scalaMainClasses-301] value unwrap is not a member of ubc.githubgateway.domain.internal.TokenScope.
290-scalaMainClasses-301] An extension method was tried, but could not be fully constructed:
290-scalaMainClasses-301] 
290-scalaMainClasses-301]     neotype.unwrap[A, ubc.githubgateway.domain.internal.TokenScope](_$4)(
290-scalaMainClasses-301]       /* missing */
290-scalaMainClasses-301]         summon[
290-scalaMainClasses-301]           neotype.Newtype.WithType[A, ubc.githubgateway.domain.internal.TokenScope]]
290-scalaMainClasses-301]       )
290-scalaMainClasses-301] 
290-scalaMainClasses-301]     failed with:
290-scalaMainClasses-301] 
290-scalaMainClasses-301]         No given instance of type neotype.Newtype.WithType[A, ubc.githubgateway.domain.internal.TokenScope] was found for parameter newtype of method unwrap in package neotype
290-scalaMainClasses-301]         
290-scalaMainClasses-301]         where:    A is a type variable with constraint <: String
290-scalaMainClasses-301]         
290-scalaMainClasses-301] 
290-scalaMainClasses-301] [error] provider-gateways/github-gateway/domain/domainPrivateAdapterExtensions/magnum/src/ubc/githubgateway/domain/internal/adapters/magnum/PrivateMagnumCodecs.scala:16:15
290-scalaMainClasses-301]       _.map(_.unwrap).mkString(",")
290-scalaMainClasses-301]               ^^^^^^
290-scalaMainClasses-301] value unwrap is not a member of ubc.githubgateway.domain.internal.TokenScope.
290-scalaMainClasses-301] An extension method was tried, but could not be fully constructed:
290-scalaMainClasses-301] 
290-scalaMainClasses-301]     neotype.unwrap[A, ubc.githubgateway.domain.internal.TokenScope](_$8)(
290-scalaMainClasses-301]       /* missing */
290-scalaMainClasses-301]         summon[
290-scalaMainClasses-301]           neotype.Newtype.WithType[A, ubc.githubgateway.domain.internal.TokenScope]]
290-scalaMainClasses-301]       )
290-scalaMainClasses-301] 
290-scalaMainClasses-301]     failed with:
290-scalaMainClasses-301] 
290-scalaMainClasses-301]         No given instance of type neotype.Newtype.WithType[A, ubc.githubgateway.domain.internal.TokenScope] was found for parameter newtype of method unwrap in package neotype
290-scalaMainClasses-301]         
290-scalaMainClasses-301]         where:    A is a type variable
290-scalaMainClasses-301]         
290-scalaMainClasses-301] 
290-scalaMainClasses-301] [error] three errors found
290-scalaMainClasses-301] [error] provider-gateways.github-gateway.domain.domainPrivateAdapterExtensions.magnum.compile task failed
290-scalaMainClasses] [warn] provider-gateways.github-gateway.domain.domainPrivateAdapterExtensions.magnum.compile Compilation failed
290-scalaMainClasses] Failed
290-scalaMainClasses] buildTargetScalaMainClasses took 642 msec
291-scalaTestClasses] Entered buildTargetScalaTestClasses
291-scalaTestClasses] buildTargetScalaTestClasses took 0 msec
292-compile] Entered buildTargetCompile
292-compile] buildTargetCompile took 1 msec
293-compile] Entered buildTargetCompile
293-compile] buildTargetCompile took 0 msec
294-compile] Entered buildTargetCompile
294-compile] buildTargetCompile took 0 msec
295-compile] Entered buildTargetCompile
295-compile] Evaluating 2 tasks
295-compile-322] compiling 1 Scala source to .bsp/out/provider-gateways/github-gateway/domain/domainPrivateAdapterExtensions/magnum/semanticDbDataDetailed.dest/classes ...
295-compile-322] [error] provider-gateways/github-gateway/domain/domainPrivateAdapterExtensions/magnum/src/ubc/githubgateway/domain/internal/adapters/magnum/PrivateMagnumCodecs.scala:9:31
295-compile-322]   given DbCodec[UserId]     = DbCodec[String].biMap(UserId(_), _)
295-compile-322]                               ^^^^^^^^^^^^^^^^^^^^^^^^^^^^^^^^^^^
295-compile-322] Found:    (Any => String) => com.augustnagro.magnum.DbCodec[Any]
295-compile-322] Required: com.augustnagro.magnum.DbCodec[ubc.githubgateway.domain.internal.UserId]
295-compile-322] 
295-compile-322] [error] provider-gateways/github-gateway/domain/domainPrivateAdapterExtensions/magnum/src/ubc/githubgateway/domain/internal/adapters/magnum/PrivateMagnumCodecs.scala:10:70
295-compile-322]   given DbCodec[TokenScope] = DbCodec[String].biMap(TokenScope(_), _.unwrap)
295-compile-322]                                                                      ^^^^^^
295-compile-322] value unwrap is not a member of ubc.githubgateway.domain.internal.TokenScope.
295-compile-322] An extension method was tried, but could not be fully constructed:
295-compile-322] 
295-compile-322]     neotype.unwrap[A, ubc.githubgateway.domain.internal.TokenScope](_$4)(
295-compile-322]       /* missing */
295-compile-322]         summon[
295-compile-322]           neotype.Newtype.WithType[A, ubc.githubgateway.domain.internal.TokenScope]]
295-compile-322]       )
295-compile-322] 
295-compile-322]     failed with:
295-compile-322] 
295-compile-322]         No given instance of type neotype.Newtype.WithType[A, ubc.githubgateway.domain.internal.TokenScope] was found for parameter newtype of method unwrap in package neotype
295-compile-322]         
295-compile-322]         where:    A is a type variable with constraint <: String
295-compile-322]         
295-compile-322] 
295-compile-322] [error] provider-gateways/github-gateway/domain/domainPrivateAdapterExtensions/magnum/src/ubc/githubgateway/domain/internal/adapters/magnum/PrivateMagnumCodecs.scala:16:7
295-compile-322]       _.map(_).mkString(",")
295-compile-322]       ^^^^^^^^^^^^^^^^^^^^^^
295-compile-322] Wrong number of parameters, expected: 1
295-compile-322] 
295-compile-322] [error] three errors found
295-compile-322] [error] provider-gateways.github-gateway.domain.domainPrivateAdapterExtensions.magnum.semanticDbDataDetailed task failed
295-compile] Done
295-compile] buildTargetCompile took 402 msec
296-scalaMainClasses] Entered buildTargetScalaMainClasses
296-scalaMainClasses] Evaluating 2 tasks
296-scalaMainClasses-302] compiling 1 Scala source to .bsp/out/provider-gateways/github-gateway/domain/domainPrivateAdapterExtensions/magnum/compile.dest/classes ...
296-scalaMainClasses-302] [error] provider-gateways/github-gateway/domain/domainPrivateAdapterExtensions/magnum/src/ubc/githubgateway/domain/internal/adapters/magnum/PrivateMagnumCodecs.scala:9:31
296-scalaMainClasses-302]   given DbCodec[UserId]     = DbCodec[String].biMap(UserId(_), _)
296-scalaMainClasses-302]                               ^^^^^^^^^^^^^^^^^^^^^^^^^^^^^^^^^^^
296-scalaMainClasses-302] Found:    (Any => String) => com.augustnagro.magnum.DbCodec[Any]
296-scalaMainClasses-302] Required: com.augustnagro.magnum.DbCodec[ubc.githubgateway.domain.internal.UserId]
296-scalaMainClasses-302] 
296-scalaMainClasses-302] [error] provider-gateways/github-gateway/domain/domainPrivateAdapterExtensions/magnum/src/ubc/githubgateway/domain/internal/adapters/magnum/PrivateMagnumCodecs.scala:10:70
296-scalaMainClasses-302]   given DbCodec[TokenScope] = DbCodec[String].biMap(TokenScope(_), _.unwrap)
296-scalaMainClasses-302]                                                                      ^^^^^^
296-scalaMainClasses-302] value unwrap is not a member of ubc.githubgateway.domain.internal.TokenScope.
296-scalaMainClasses-302] An extension method was tried, but could not be fully constructed:
296-scalaMainClasses-302] 
296-scalaMainClasses-302]     neotype.unwrap[A, ubc.githubgateway.domain.internal.TokenScope](_$4)(
296-scalaMainClasses-302]       /* missing */
296-scalaMainClasses-302]         summon[
296-scalaMainClasses-302]           neotype.Newtype.WithType[A, ubc.githubgateway.domain.internal.TokenScope]]
296-scalaMainClasses-302]       )
296-scalaMainClasses-302] 
296-scalaMainClasses-302]     failed with:
296-scalaMainClasses-302] 
296-scalaMainClasses-302]         No given instance of type neotype.Newtype.WithType[A, ubc.githubgateway.domain.internal.TokenScope] was found for parameter newtype of method unwrap in package neotype
296-scalaMainClasses-302]         
296-scalaMainClasses-302]         where:    A is a type variable with constraint <: String
296-scalaMainClasses-302]         
296-scalaMainClasses-302] 
296-scalaMainClasses-302] [error] provider-gateways/github-gateway/domain/domainPrivateAdapterExtensions/magnum/src/ubc/githubgateway/domain/internal/adapters/magnum/PrivateMagnumCodecs.scala:16:7
296-scalaMainClasses-302]       _.map(_).mkString(",")
296-scalaMainClasses-302]       ^^^^^^^^^^^^^^^^^^^^^^
296-scalaMainClasses-302] Wrong number of parameters, expected: 1
296-scalaMainClasses-302] 
296-scalaMainClasses-302] [error] three errors found
296-scalaMainClasses-302] [error] provider-gateways.github-gateway.domain.domainPrivateAdapterExtensions.magnum.compile task failed
296-scalaMainClasses] [warn] provider-gateways.github-gateway.domain.domainPrivateAdapterExtensions.magnum.compile Compilation failed
296-scalaMainClasses] Failed
296-scalaMainClasses] buildTargetScalaMainClasses took 416 msec
297-scalaTestClasses] Entered buildTargetScalaTestClasses
297-scalaTestClasses] buildTargetScalaTestClasses took 0 msec
298-compile] Entered buildTargetCompile
298-compile] buildTargetCompile took 0 msec
299-compile] Entered buildTargetCompile
299-compile] Evaluating 2 tasks
299-compile-317] compiling 1 Scala source to .bsp/out/provider-gateways/github-gateway/domain/domainPrivateAdapterExtensions/magnum/semanticDbDataDetailed.dest/classes ...
299-compile-317] [error] provider-gateways/github-gateway/domain/domainPrivateAdapterExtensions/magnum/src/ubc/githubgateway/domain/internal/adapters/magnum/PrivateMagnumCodecs.scala:16:7
299-compile-317]       _.map(_).mkString(",")
299-compile-317]       ^^^^^^^^^^^^^^^^^^^^^^
299-compile-317] Wrong number of parameters, expected: 1
299-compile-317] 
299-compile-317] [error] one error found
299-compile-317] [error] provider-gateways.github-gateway.domain.domainPrivateAdapterExtensions.magnum.semanticDbDataDetailed task failed
299-compile] Done
299-compile] buildTargetCompile took 201 msec
300-scalaMainClasses] Entered buildTargetScalaMainClasses
300-scalaMainClasses] Evaluating 2 tasks
300-scalaMainClasses-299] compiling 1 Scala source to .bsp/out/provider-gateways/github-gateway/domain/domainPrivateAdapterExtensions/magnum/compile.dest/classes ...
300-scalaMainClasses-299] [error] provider-gateways/github-gateway/domain/domainPrivateAdapterExtensions/magnum/src/ubc/githubgateway/domain/internal/adapters/magnum/PrivateMagnumCodecs.scala:16:7
300-scalaMainClasses-299]       _.map(_).mkString(",")
300-scalaMainClasses-299]       ^^^^^^^^^^^^^^^^^^^^^^
300-scalaMainClasses-299] Wrong number of parameters, expected: 1
300-scalaMainClasses-299] 
300-scalaMainClasses-299] [error] one error found
300-scalaMainClasses-299] [error] provider-gateways.github-gateway.domain.domainPrivateAdapterExtensions.magnum.compile task failed
300-scalaMainClasses] [warn] provider-gateways.github-gateway.domain.domainPrivateAdapterExtensions.magnum.compile Compilation failed
300-scalaMainClasses] Failed
300-scalaMainClasses] buildTargetScalaMainClasses took 215 msec
301-scalaTestClasses] Entered buildTargetScalaTestClasses
301-scalaTestClasses] buildTargetScalaTestClasses took 0 msec
302-compile] Entered buildTargetCompile
302-compile] Evaluating 2 tasks
302-compile-318] compiling 1 Scala source to .bsp/out/provider-gateways/github-gateway/domain/domainPrivateAdapterExtensions/magnum/semanticDbDataDetailed.dest/classes ...
302-compile-318] done compiling
302-compile-327] compiling 1 Scala source to .bsp/out/provider-gateways/github-gateway/core/adapters/magnum-token-repository/semanticDbDataDetailed.dest/classes ...
302-compile-327] provider-gateways/github-gateway/core/adapters/magnum-token-repository/src/ubc/githubgateway/core/adapters/magnum/MagnumTokenRepository.scala:19:7
302-compile-327]       sql"""
302-compile-327]       ^^^
302-compile-327] Could not find given DbCodec for token.userId. Using PreparedStatement::setObject instead.
302-compile-327] 
302-compile-327] [error] provider-gateways/github-gateway/core/adapters/magnum-token-repository/src/ubc/githubgateway/core/adapters/magnum/MagnumTokenRepository.scala:13:40
302-compile-327] private given DbCodec[InternalToken] = DbCodec.derived[InternalToken]
302-compile-327]                                        ^^^^^^^^^^^^^^^^^^^^^^^^^^^^^^
302-compile-327] Cannot find a DbCodec instance for ubc.githubgateway.domain.internal.InternalToken$package.UserId.Type! Provide one or derive it.
302-compile-327] 
302-compile-327] [error] one error found
302-compile-327] [error] provider-gateways.github-gateway.core.adapters.magnum-token-repository.semanticDbDataDetailed task failed
302-compile] Done
302-compile] buildTargetCompile took 823 msec
303-scalaTestClasses] Entered buildTargetScalaTestClasses
303-scalaTestClasses] buildTargetScalaTestClasses took 1 msec
304-scalaMainClasses] Entered buildTargetScalaMainClasses
304-scalaMainClasses] Evaluating 2 tasks
304-scalaMainClasses-302] compiling 1 Scala source to .bsp/out/provider-gateways/github-gateway/domain/domainPrivateAdapterExtensions/magnum/compile.dest/classes ...
304-scalaMainClasses-302] done compiling
304-scalaMainClasses-311] compiling 1 Scala source to .bsp/out/provider-gateways/github-gateway/core/adapters/magnum-token-repository/compile.dest/classes ...
304-scalaMainClasses-311] provider-gateways/github-gateway/core/adapters/magnum-token-repository/src/ubc/githubgateway/core/adapters/magnum/MagnumTokenRepository.scala:19:7
304-scalaMainClasses-311]       sql"""
304-scalaMainClasses-311]       ^^^
304-scalaMainClasses-311] Could not find given DbCodec for token.userId. Using PreparedStatement::setObject instead.
304-scalaMainClasses-311] 
304-scalaMainClasses-311] [error] provider-gateways/github-gateway/core/adapters/magnum-token-repository/src/ubc/githubgateway/core/adapters/magnum/MagnumTokenRepository.scala:13:40
304-scalaMainClasses-311] private given DbCodec[InternalToken] = DbCodec.derived[InternalToken]
304-scalaMainClasses-311]                                        ^^^^^^^^^^^^^^^^^^^^^^^^^^^^^^
304-scalaMainClasses-311] Cannot find a DbCodec instance for ubc.githubgateway.domain.internal.InternalToken$package.UserId.Type! Provide one or derive it.
304-scalaMainClasses-311] 
304-scalaMainClasses-311] [error] one error found
304-scalaMainClasses-311] [error] provider-gateways.github-gateway.core.adapters.magnum-token-repository.compile task failed
304-scalaMainClasses] [warn] provider-gateways.github-gateway.core.adapters.magnum-token-repository.compile Compilation failed
304-scalaMainClasses] Failed
304-scalaMainClasses] buildTargetScalaMainClasses took 703 msec
305-jvmRunEnvironmentFor] Entered buildTargetJvmRunEnvironment
305-jvmRunEnvironmentFor] Evaluating 1 task
305-jvmRunEnvironmentFor] Done
305-jvmRunEnvironmentFor] buildTargetJvmRunEnvironment took 50 msec
306-workspaceReload] Entered workspaceReload
306-workspaceReload] workspaceReload took 0 msec
307-workspaceBuildTargets] Entered workspaceBuildTargets
bsp-init] Another Mill process with PID 375258 is running 'IDE:workspaceBuildTargets', waiting for it to be done... (tail -F .bsp/out/mill-console-tail to see its progress)
307-workspaceBuildTargets] Evaluating 22 tasks
307-workspaceBuildTargets] Done
307-workspaceBuildTargets] Evaluating 1 task
307-workspaceBuildTargets] Done
307-workspaceBuildTargets] workspaceBuildTargets took 45 msec
308-scalacOptions] Entered buildTargetScalacOptions
bsp-watch] Watching for changes to 6 paths and 6 other values...
308-scalacOptions] Evaluating 22 tasks
308-scalacOptions] Done
308-scalacOptions] Evaluating 1 task
308-scalacOptions] Done
308-scalacOptions] buildTargetScalacOptions took 92 msec
309-javacOptions] Entered buildTargetJavacOptions
309-javacOptions] Evaluating 22 tasks
309-javacOptions] Done
309-javacOptions] Evaluating 1 task
309-javacOptions] Done
309-javacOptions] buildTargetJavacOptions took 181 msec
310-sources] Entered buildTargetSources
310-sources] Evaluating 22 tasks
310-sources] Done
310-sources] Evaluating 1 task
310-sources] Done
310-sources] buildTargetSources took 21 msec
311-dependencySources] Entered buildTargetDependencySources
311-dependencySources] Evaluating 22 tasks
311-dependencySources] Done
311-dependencySources] Evaluating 1 task
311-dependencySources] Done
311-dependencySources] buildTargetDependencySources took 91 msec
312-dependencyModules] Entered buildTargetDependencyModules
312-dependencyModules] Evaluating 22 tasks
312-dependencyModules] Done
312-dependencyModules] Evaluating 1 task
312-dependencyModules] Done
312-dependencyModules] buildTargetDependencyModules took 55 msec
313-workspaceBuildTargets] Entered workspaceBuildTargets
313-workspaceBuildTargets] Evaluating 22 tasks
313-workspaceBuildTargets] Done
313-workspaceBuildTargets] Evaluating 1 task
313-workspaceBuildTargets] Done
313-workspaceBuildTargets] workspaceBuildTargets took 27 msec
314-scalacOptions] Entered buildTargetScalacOptions
314-scalacOptions] Evaluating 22 tasks
314-scalacOptions] Done
314-scalacOptions] Evaluating 1 task
314-scalacOptions] Done
314-scalacOptions] buildTargetScalacOptions took 26 msec
315-javacOptions] Entered buildTargetJavacOptions
315-javacOptions] Evaluating 22 tasks
315-javacOptions] Done
315-javacOptions] Evaluating 1 task
315-javacOptions] Done
315-javacOptions] buildTargetJavacOptions took 83 msec
316-sources] Entered buildTargetSources
316-sources] Evaluating 22 tasks
316-sources] Done
316-sources] Evaluating 1 task
316-sources] Done
316-sources] buildTargetSources took 14 msec
317-dependencySources] Entered buildTargetDependencySources
317-dependencySources] Evaluating 22 tasks
317-dependencySources] Done
317-dependencySources] Evaluating 1 task
317-dependencySources] Done
317-dependencySources] buildTargetDependencySources took 53 msec
318-dependencyModules] Entered buildTargetDependencyModules
318-dependencyModules] Evaluating 22 tasks
318-dependencyModules] Done
318-dependencyModules] Evaluating 1 task
318-dependencyModules] Done
318-dependencyModules] buildTargetDependencyModules took 56 msec
319-scalaTestClasses] Entered buildTargetScalaTestClasses
319-scalaTestClasses] buildTargetScalaTestClasses took 0 msec
320-scalaMainClasses] Entered buildTargetScalaMainClasses
320-scalaMainClasses] Evaluating 18 tasks
320-scalaMainClasses-1000] compiling 1 Scala source to .bsp/out/provider-gateways/github-gateway/core/adapters/magnum-token-repository/compile.dest/classes ...
320-scalaMainClasses-0814] compiling 1 Scala source to .bsp/out/provider-gateways/github-gateway/domain/domainPrivateAdapterExtensions/zio-json/compile.dest/classes ...
320-scalaMainClasses-0513] compiling 1 Scala source to .bsp/out/provider-gateways/github-gateway/core/core-impl/compile.dest/classes ...
320-scalaMainClasses-1000] provider-gateways/github-gateway/core/adapters/magnum-token-repository/src/ubc/githubgateway/core/adapters/magnum/MagnumTokenRepository.scala:19:7
320-scalaMainClasses-1000]       sql"""
320-scalaMainClasses-1000]       ^^^
320-scalaMainClasses-1000] Could not find given DbCodec for token.userId. Using PreparedStatement::setObject instead.
320-scalaMainClasses-1000] 
320-scalaMainClasses-0513] [error] provider-gateways/github-gateway/core/core-impl/src/ubc/githubgateway/core/GitHubGatewayService.scala:15:16
320-scalaMainClasses-0513]       userId = userId,
320-scalaMainClasses-0513]                ^^^^^^
320-scalaMainClasses-0513] Found:    (userId : ubc.githubgateway.domain.internal.UserId)
320-scalaMainClasses-0513] Required: ubc.githubgateway.domain.internal.UserId²
320-scalaMainClasses-0513] 
320-scalaMainClasses-0513] where:    UserId  is a class in package ubc.githubgateway.domain.internal
320-scalaMainClasses-0513]           UserId² is a type in the top-level definitions in package internal which is an alias of ubc.githubgateway.domain.internal.UserId.Type
320-scalaMainClasses-0513] 
320-scalaMainClasses-0513] 
320-scalaMainClasses-1000] [error] provider-gateways/github-gateway/core/adapters/magnum-token-repository/src/ubc/githubgateway/core/adapters/magnum/MagnumTokenRepository.scala:13:40
320-scalaMainClasses-1000] private given DbCodec[InternalToken] = DbCodec.derived[InternalToken]
320-scalaMainClasses-1000]                                        ^^^^^^^^^^^^^^^^^^^^^^^^^^^^^^
320-scalaMainClasses-1000] Cannot find a DbCodec instance for ubc.githubgateway.domain.internal.InternalToken$package.UserId.Type! Provide one or derive it.
320-scalaMainClasses-1000] 
320-scalaMainClasses-1000] [error] one error found
320-scalaMainClasses-1000] [error] provider-gateways.github-gateway.core.adapters.magnum-token-repository.compile task failed
320-scalaMainClasses-0513] [error] provider-gateways/github-gateway/core/core-impl/src/ubc/githubgateway/core/GitHubGatewayService.scala:26:69
320-scalaMainClasses-0513]       _          <- ZIO.fail(Exception(s"No token for user ${userId.unwrap}")).when(maybeToken.isEmpty)
320-scalaMainClasses-0513]                                                                     ^^^^^^
320-scalaMainClasses-0513] value unwrap is not a member of ubc.githubgateway.domain.internal.UserId.
320-scalaMainClasses-0513] An extension method was tried, but could not be fully constructed:
320-scalaMainClasses-0513] 
320-scalaMainClasses-0513]     neotype.unwrap[A, ubc.githubgateway.domain.internal.UserId](userId)(
320-scalaMainClasses-0513]       /* missing */
320-scalaMainClasses-0513]         summon[neotype.Newtype.WithType[A, ubc.githubgateway.domain.internal.UserId]
320-scalaMainClasses-0513]           ]
320-scalaMainClasses-0513]     )
320-scalaMainClasses-0513] 
320-scalaMainClasses-0513]     failed with:
320-scalaMainClasses-0513] 
320-scalaMainClasses-0513]         No given instance of type neotype.Newtype.WithType[A, ubc.githubgateway.domain.internal.UserId] was found for parameter newtype of method unwrap in package neotype
320-scalaMainClasses-0513]         
320-scalaMainClasses-0513]         where:    A is a type variable
320-scalaMainClasses-0513]         
320-scalaMainClasses-0513] 
320-scalaMainClasses-0513] [error] provider-gateways/github-gateway/core/core-impl/src/ubc/githubgateway/core/GitHubGatewayService.scala:33:69
320-scalaMainClasses-0513]       _          <- ZIO.fail(Exception(s"No token for user ${userId.unwrap}")).when(maybeToken.isEmpty)
320-scalaMainClasses-0513]                                                                     ^^^^^^
320-scalaMainClasses-0513] value unwrap is not a member of ubc.githubgateway.domain.internal.UserId.
320-scalaMainClasses-0513] An extension method was tried, but could not be fully constructed:
320-scalaMainClasses-0513] 
320-scalaMainClasses-0513]     neotype.unwrap[A, ubc.githubgateway.domain.internal.UserId](userId)(
320-scalaMainClasses-0513]       /* missing */
320-scalaMainClasses-0513]         summon[neotype.Newtype.WithType[A, ubc.githubgateway.domain.internal.UserId]
320-scalaMainClasses-0513]           ]
320-scalaMainClasses-0513]     )
320-scalaMainClasses-0513] 
320-scalaMainClasses-0513]     failed with:
320-scalaMainClasses-0513] 
320-scalaMainClasses-0513]         No given instance of type neotype.Newtype.WithType[A, ubc.githubgateway.domain.internal.UserId] was found for parameter newtype of method unwrap in package neotype
320-scalaMainClasses-0513]         
320-scalaMainClasses-0513]         where:    A is a type variable
320-scalaMainClasses-0513]         
320-scalaMainClasses-0513] 
320-scalaMainClasses-0513] [error] three errors found
320-scalaMainClasses-0513] [error] provider-gateways.github-gateway.core.core-impl.compile task failed
320-scalaMainClasses-0814] [error] provider-gateways/github-gateway/domain/domainPrivateAdapterExtensions/zio-json/src/ubc/githubgateway/domain/internal/adapters/json/PrivateJsonCodecs.scala:10:36
320-scalaMainClasses-0814]   given JsonCodec[InternalToken] = DeriveJsonCodec.gen
320-scalaMainClasses-0814]                                    ^^^^^^^^^^^^^^^^^^^
320-scalaMainClasses-0814] No given instance of type zio.json.JsonEncoder[ubc.githubgateway.domain.internal.UserId.Type] was found.
320-scalaMainClasses-0814] I found:
320-scalaMainClasses-0814] 
320-scalaMainClasses-0814]     zio.json.JsonEncoder.unionOfStringEnumeration[
320-scalaMainClasses-0814]       ubc.githubgateway.domain.internal.UserId.Type](???)
320-scalaMainClasses-0814] 
320-scalaMainClasses-0814] But macro expansion was stopped.
320-scalaMainClasses-0814] 
320-scalaMainClasses-0814] [error] one error found
320-scalaMainClasses-0814] [error] provider-gateways.github-gateway.domain.domainPrivateAdapterExtensions.zio-json.compile task failed
320-scalaMainClasses] [warn] provider-gateways.github-gateway.core.adapters.magnum-token-repository.compile Compilation failed
320-scalaMainClasses] Failed
320-scalaMainClasses] Evaluating 1 task
320-scalaMainClasses] Done
320-scalaMainClasses] buildTargetScalaMainClasses took 4727 msec
321-compile] Entered buildTargetCompile
321-compile] Evaluating 2 tasks
321-compile-330] compiling 1 Scala source to .bsp/out/provider-gateways/github-gateway/core/adapters/magnum-token-repository/semanticDbDataDetailed.dest/classes ...
321-compile-330] provider-gateways/github-gateway/core/adapters/magnum-token-repository/src/ubc/githubgateway/core/adapters/magnum/MagnumTokenRepository.scala:19:7
321-compile-330]       sql"""
321-compile-330]       ^^^
321-compile-330] Could not find given DbCodec for token.userId. Using PreparedStatement::setObject instead.
321-compile-330] 
321-compile-330] [error] provider-gateways/github-gateway/core/adapters/magnum-token-repository/src/ubc/githubgateway/core/adapters/magnum/MagnumTokenRepository.scala:13:40
321-compile-330] private given DbCodec[InternalToken] = DbCodec.derived[InternalToken]
321-compile-330]                                        ^^^^^^^^^^^^^^^^^^^^^^^^^^^^^^
321-compile-330] Cannot find a DbCodec instance for ubc.githubgateway.domain.internal.InternalToken$package.UserId.Type! Provide one or derive it.
321-compile-330] 
321-compile-330] [error] one error found
321-compile-330] [error] provider-gateways.github-gateway.core.adapters.magnum-token-repository.semanticDbDataDetailed task failed
321-compile] Done
321-compile] buildTargetCompile took 974 msec
322-jvmRunEnvironmentFor] Entered buildTargetJvmRunEnvironment
322-jvmRunEnvironmentFor] Evaluating 1 task
322-jvmRunEnvironmentFor] Done
322-jvmRunEnvironmentFor] buildTargetJvmRunEnvironment took 23 msec
323-jvmRunEnvironmentFor] Entered buildTargetJvmRunEnvironment
323-jvmRunEnvironmentFor] Evaluating 1 task
323-jvmRunEnvironmentFor] Done
323-jvmRunEnvironmentFor] buildTargetJvmRunEnvironment took 19 msec
324-scalaTestClasses] Entered buildTargetScalaTestClasses
324-scalaTestClasses] buildTargetScalaTestClasses took 0 msec
325-scalaMainClasses] Entered buildTargetScalaMainClasses
325-scalaMainClasses] Evaluating 2 tasks
325-scalaMainClasses-312] compiling 1 Scala source to .bsp/out/provider-gateways/github-gateway/core/adapters/magnum-token-repository/compile.dest/classes ...
325-scalaMainClasses-312] provider-gateways/github-gateway/core/adapters/magnum-token-repository/src/ubc/githubgateway/core/adapters/magnum/MagnumTokenRepository.scala:19:7
325-scalaMainClasses-312]       sql"""
325-scalaMainClasses-312]       ^^^
325-scalaMainClasses-312] Could not find given DbCodec for token.userId. Using PreparedStatement::setObject instead.
325-scalaMainClasses-312] 
325-scalaMainClasses-312] [error] provider-gateways/github-gateway/core/adapters/magnum-token-repository/src/ubc/githubgateway/core/adapters/magnum/MagnumTokenRepository.scala:13:40
325-scalaMainClasses-312] private given DbCodec[InternalToken] = DbCodec.derived[InternalToken]
325-scalaMainClasses-312]                                        ^^^^^^^^^^^^^^^^^^^^^^^^^^^^^^
325-scalaMainClasses-312] Cannot find a DbCodec instance for ubc.githubgateway.domain.internal.InternalToken$package.UserId.Type! Provide one or derive it.
325-scalaMainClasses-312] 
325-scalaMainClasses-312] [error] one error found
325-scalaMainClasses-312] [error] provider-gateways.github-gateway.core.adapters.magnum-token-repository.compile task failed
325-scalaMainClasses] [warn] provider-gateways.github-gateway.core.adapters.magnum-token-repository.compile Compilation failed
325-scalaMainClasses] Failed
325-scalaMainClasses] buildTargetScalaMainClasses took 723 msec
326-compile] Entered buildTargetCompile
326-compile] buildTargetCompile took 0 msec
327-compile] Entered buildTargetCompile
327-compile] buildTargetCompile took 0 msec
328-compile] Entered buildTargetCompile
328-compile] Evaluating 2 tasks
328-compile-374] compiling 1 Scala source to .bsp/out/provider-gateways/github-gateway/core/core-impl/semanticDbDataDetailed.dest/classes ...
328-compile-374] [error] provider-gateways/github-gateway/core/core-impl/src/ubc/githubgateway/core/GitHubGatewayService.scala:15:16
328-compile-374]       userId = userId,
328-compile-374]                ^^^^^^
328-compile-374] Found:    (userId : ubc.githubgateway.domain.internal.UserId)
328-compile-374] Required: ubc.githubgateway.domain.internal.UserId²
328-compile-374] 
328-compile-374] where:    UserId  is a class in package ubc.githubgateway.domain.internal
328-compile-374]           UserId² is a type in the top-level definitions in package internal which is an alias of ubc.githubgateway.domain.internal.UserId.Type
328-compile-374] 
328-compile-374] 
328-compile-374] [error] one error found
328-compile-374] [error] provider-gateways.github-gateway.core.core-impl.semanticDbDataDetailed task failed
328-compile] Done
328-compile] buildTargetCompile took 1077 msec
329-scalaMainClasses] Entered buildTargetScalaMainClasses
329-scalaMainClasses] Evaluating 2 tasks
329-scalaMainClasses-349] compiling 1 Scala source to .bsp/out/provider-gateways/github-gateway/core/core-impl/compile.dest/classes ...
329-scalaMainClasses-349] [error] provider-gateways/github-gateway/core/core-impl/src/ubc/githubgateway/core/GitHubGatewayService.scala:15:16
329-scalaMainClasses-349]       userId = userId,
329-scalaMainClasses-349]                ^^^^^^
329-scalaMainClasses-349] Found:    (userId : ubc.githubgateway.domain.internal.UserId)
329-scalaMainClasses-349] Required: ubc.githubgateway.domain.internal.UserId²
329-scalaMainClasses-349] 
329-scalaMainClasses-349] where:    UserId  is a class in package ubc.githubgateway.domain.internal
329-scalaMainClasses-349]           UserId² is a type in the top-level definitions in package internal which is an alias of ubc.githubgateway.domain.internal.UserId.Type
329-scalaMainClasses-349] 
329-scalaMainClasses-349] 
329-scalaMainClasses-349] [error] one error found
329-scalaMainClasses-349] [error] provider-gateways.github-gateway.core.core-impl.compile task failed
329-scalaMainClasses] [warn] provider-gateways.github-gateway.core.core-impl.compile Compilation failed
329-scalaMainClasses] Failed
329-scalaMainClasses] buildTargetScalaMainClasses took 750 msec
330-scalaTestClasses] Entered buildTargetScalaTestClasses
330-scalaTestClasses] buildTargetScalaTestClasses took 0 msec
331-compile] Entered buildTargetCompile
331-compile] Evaluating 1 task
331-compile-116] compiling 1 Scala source to .bsp/out/provider-gateways/github-gateway/domain/domainPublicAdapterExtensions/magnum/semanticDbDataDetailed.dest/classes ...
331-compile-116] [error] provider-gateways/github-gateway/domain/domainPublicAdapterExtensions/magnum/src/ubc/githubgateway/domain/adapters/magnum/PublicMagnumCodecs.scala:8:72
331-compile-116]   given DbCodec[GitHubRepoId] = DbCodec[Long].biMap(GitHubRepoId(_), _.value)
331-compile-116]                                                                        ^^^^^
331-compile-116] value value is not a member of ubc.githubgateway.domain.GitHubRepoId.Type
331-compile-116] 
331-compile-116] [error] provider-gateways/github-gateway/domain/domainPublicAdapterExtensions/magnum/src/ubc/githubgateway/domain/adapters/magnum/PublicMagnumCodecs.scala:9:70
331-compile-116]   given DbCodec[RepoName]     = DbCodec[String].biMap(RepoName(_), _.value)
331-compile-116]                                                                      ^^^^^
331-compile-116] value value is not a member of ubc.githubgateway.domain.RepoName.Type
331-compile-116] 
331-compile-116] [error] provider-gateways/github-gateway/domain/domainPublicAdapterExtensions/magnum/src/ubc/githubgateway/domain/adapters/magnum/PublicMagnumCodecs.scala:10:71
331-compile-116]   given DbCodec[RepoOwner]    = DbCodec[String].biMap(RepoOwner(_), _.value)
331-compile-116]                                                                       ^^^^^
331-compile-116] value value is not a member of ubc.githubgateway.domain.RepoOwner.Type
331-compile-116] 
331-compile-116] [error] provider-gateways/github-gateway/domain/domainPublicAdapterExtensions/magnum/src/ubc/githubgateway/domain/adapters/magnum/PublicMagnumCodecs.scala:11:69
331-compile-116]   given DbCodec[RepoUrl]      = DbCodec[String].biMap(RepoUrl(_), _.value)
331-compile-116]                                                                     ^^^^^
331-compile-116] value value is not a member of ubc.githubgateway.domain.RepoUrl.Type
331-compile-116] 
331-compile-116] [error] provider-gateways/github-gateway/domain/domainPublicAdapterExtensions/magnum/src/ubc/githubgateway/domain/adapters/magnum/PublicMagnumCodecs.scala:12:73
331-compile-116]   given DbCodec[GitHubToken]  = DbCodec[String].biMap(GitHubToken(_), _.value)
331-compile-116]                                                                         ^^^^^
331-compile-116] value value is not a member of ubc.githubgateway.domain.GitHubToken.Type
331-compile-116] 
331-compile-116] [error] provider-gateways/github-gateway/domain/domainPublicAdapterExtensions/magnum/src/ubc/githubgateway/domain/adapters/magnum/PublicMagnumCodecs.scala:13:67
331-compile-116]   given DbCodec[TokenId]      = DbCodec[Long].biMap(TokenId(_), _.value)
331-compile-116]                                                                   ^^^^^
331-compile-116] value value is not a member of ubc.githubgateway.domain.TokenId.Type
331-compile-116] 
331-compile-116] [error] 6 errors found
331-compile-116] [error] provider-gateways.github-gateway.domain.domainPublicAdapterExtensions.magnum.semanticDbDataDetailed task failed
331-compile] Done
331-compile] buildTargetCompile took 632 msec
332-scalaMainClasses] Entered buildTargetScalaMainClasses
332-scalaMainClasses] Evaluating 1 task
332-scalaMainClasses-114] compiling 1 Scala source to .bsp/out/provider-gateways/github-gateway/domain/domainPublicAdapterExtensions/magnum/compile.dest/classes ...
332-scalaMainClasses-114] [error] provider-gateways/github-gateway/domain/domainPublicAdapterExtensions/magnum/src/ubc/githubgateway/domain/adapters/magnum/PublicMagnumCodecs.scala:8:72
332-scalaMainClasses-114]   given DbCodec[GitHubRepoId] = DbCodec[Long].biMap(GitHubRepoId(_), _.value)
332-scalaMainClasses-114]                                                                        ^^^^^
332-scalaMainClasses-114] value value is not a member of ubc.githubgateway.domain.GitHubRepoId.Type
332-scalaMainClasses-114] 
332-scalaMainClasses-114] [error] provider-gateways/github-gateway/domain/domainPublicAdapterExtensions/magnum/src/ubc/githubgateway/domain/adapters/magnum/PublicMagnumCodecs.scala:9:70
332-scalaMainClasses-114]   given DbCodec[RepoName]     = DbCodec[String].biMap(RepoName(_), _.value)
332-scalaMainClasses-114]                                                                      ^^^^^
332-scalaMainClasses-114] value value is not a member of ubc.githubgateway.domain.RepoName.Type
332-scalaMainClasses-114] 
332-scalaMainClasses-114] [error] provider-gateways/github-gateway/domain/domainPublicAdapterExtensions/magnum/src/ubc/githubgateway/domain/adapters/magnum/PublicMagnumCodecs.scala:10:71
332-scalaMainClasses-114]   given DbCodec[RepoOwner]    = DbCodec[String].biMap(RepoOwner(_), _.value)
332-scalaMainClasses-114]                                                                       ^^^^^
332-scalaMainClasses-114] value value is not a member of ubc.githubgateway.domain.RepoOwner.Type
332-scalaMainClasses-114] 
332-scalaMainClasses-114] [error] provider-gateways/github-gateway/domain/domainPublicAdapterExtensions/magnum/src/ubc/githubgateway/domain/adapters/magnum/PublicMagnumCodecs.scala:11:69
332-scalaMainClasses-114]   given DbCodec[RepoUrl]      = DbCodec[String].biMap(RepoUrl(_), _.value)
332-scalaMainClasses-114]                                                                     ^^^^^
332-scalaMainClasses-114] value value is not a member of ubc.githubgateway.domain.RepoUrl.Type
332-scalaMainClasses-114] 
332-scalaMainClasses-114] [error] provider-gateways/github-gateway/domain/domainPublicAdapterExtensions/magnum/src/ubc/githubgateway/domain/adapters/magnum/PublicMagnumCodecs.scala:12:73
332-scalaMainClasses-114]   given DbCodec[GitHubToken]  = DbCodec[String].biMap(GitHubToken(_), _.value)
332-scalaMainClasses-114]                                                                         ^^^^^
332-scalaMainClasses-114] value value is not a member of ubc.githubgateway.domain.GitHubToken.Type
332-scalaMainClasses-114] 
332-scalaMainClasses-114] [error] provider-gateways/github-gateway/domain/domainPublicAdapterExtensions/magnum/src/ubc/githubgateway/domain/adapters/magnum/PublicMagnumCodecs.scala:13:67
332-scalaMainClasses-114]   given DbCodec[TokenId]      = DbCodec[Long].biMap(TokenId(_), _.value)
332-scalaMainClasses-114]                                                                   ^^^^^
332-scalaMainClasses-114] value value is not a member of ubc.githubgateway.domain.TokenId.Type
332-scalaMainClasses-114] 
332-scalaMainClasses-114] [error] 6 errors found
332-scalaMainClasses-114] [error] provider-gateways.github-gateway.domain.domainPublicAdapterExtensions.magnum.compile task failed
332-scalaMainClasses] [warn] provider-gateways.github-gateway.domain.domainPublicAdapterExtensions.magnum.compile Compilation failed
332-scalaMainClasses] Failed
332-scalaMainClasses] buildTargetScalaMainClasses took 598 msec
333-scalaTestClasses] Entered buildTargetScalaTestClasses
333-scalaTestClasses] buildTargetScalaTestClasses took 0 msec
334-compile] Entered buildTargetCompile
334-compile] Evaluating 1 task
334-compile-276] compiling 1 Scala source to .bsp/out/provider-gateways/github-gateway/core/adapters/tapir-github-client/semanticDbDataDetailed.dest/classes ...
334-compile-276] [error] provider-gateways/github-gateway/core/adapters/tapir-github-client/src/ubc/githubgateway/core/adapters/tapir/TapirGitHubClient.scala:44:21
334-compile-276]       .apply((owner.value, name.value))
334-compile-276]                     ^^^^^
334-compile-276] value value is not a member of ubc.githubgateway.domain.RepoOwner
334-compile-276] 
334-compile-276] [error] provider-gateways/github-gateway/core/adapters/tapir-github-client/src/ubc/githubgateway/core/adapters/tapir/TapirGitHubClient.scala:44:33
334-compile-276]       .apply((owner.value, name.value))
334-compile-276]                                 ^^^^^
334-compile-276] value value is not a member of ubc.githubgateway.domain.RepoName
334-compile-276] 
334-compile-276] [error] provider-gateways/github-gateway/core/adapters/tapir-github-client/src/ubc/githubgateway/core/adapters/tapir/TapirGitHubClient.scala:51:20
334-compile-276]       .apply(owner.value)
334-compile-276]                    ^^^^^
334-compile-276] value value is not a member of ubc.githubgateway.domain.RepoOwner
334-compile-276] 
334-compile-276] [error] three errors found
334-compile-276] [error] provider-gateways.github-gateway.core.adapters.tapir-github-client.semanticDbDataDetailed task failed
334-compile] Done
334-compile] buildTargetCompile took 1584 msec
335-scalaMainClasses] Entered buildTargetScalaMainClasses
335-scalaMainClasses] Evaluating 1 task
335-scalaMainClasses-256] compiling 1 Scala source to .bsp/out/provider-gateways/github-gateway/core/adapters/tapir-github-client/compile.dest/classes ...
335-scalaMainClasses-256] [error] provider-gateways/github-gateway/core/adapters/tapir-github-client/src/ubc/githubgateway/core/adapters/tapir/TapirGitHubClient.scala:44:21
335-scalaMainClasses-256]       .apply((owner.value, name.value))
335-scalaMainClasses-256]                     ^^^^^
335-scalaMainClasses-256] value value is not a member of ubc.githubgateway.domain.RepoOwner
335-scalaMainClasses-256] 
335-scalaMainClasses-256] [error] provider-gateways/github-gateway/core/adapters/tapir-github-client/src/ubc/githubgateway/core/adapters/tapir/TapirGitHubClient.scala:44:33
335-scalaMainClasses-256]       .apply((owner.value, name.value))
335-scalaMainClasses-256]                                 ^^^^^
335-scalaMainClasses-256] value value is not a member of ubc.githubgateway.domain.RepoName
335-scalaMainClasses-256] 
335-scalaMainClasses-256] [error] provider-gateways/github-gateway/core/adapters/tapir-github-client/src/ubc/githubgateway/core/adapters/tapir/TapirGitHubClient.scala:51:20
335-scalaMainClasses-256]       .apply(owner.value)
335-scalaMainClasses-256]                    ^^^^^
335-scalaMainClasses-256] value value is not a member of ubc.githubgateway.domain.RepoOwner
335-scalaMainClasses-256] 
335-scalaMainClasses-256] [error] three errors found
335-scalaMainClasses-256] [error] provider-gateways.github-gateway.core.adapters.tapir-github-client.compile task failed
335-scalaMainClasses] [warn] provider-gateways.github-gateway.core.adapters.tapir-github-client.compile Compilation failed
335-scalaMainClasses] Failed
335-scalaMainClasses] buildTargetScalaMainClasses took 1029 msec
336-scalaTestClasses] Entered buildTargetScalaTestClasses
336-scalaTestClasses] buildTargetScalaTestClasses took 0 msec
337-jvmCompileClasspath] Entered buildTargetJvmCompileClasspath
337-jvmCompileClasspath] Evaluating 1 task
337-jvmCompileClasspath] Done
337-jvmCompileClasspath] buildTargetJvmCompileClasspath took 41 msec
338-compile] Entered buildTargetCompile
338-compile] Evaluating 1 task
338-compile-223] compiling 1 Scala source to .bsp/out/provider-gateways/github-gateway/domain/domainPrivateAdapterExtensions/zio-json/semanticDbDataDetailed.dest/classes ...
338-compile-223] [error] provider-gateways/github-gateway/domain/domainPrivateAdapterExtensions/zio-json/src/ubc/githubgateway/domain/internal/adapters/json/PrivateJsonCodecs.scala:9:61
338-compile-223]   given JsonCodec[UserId]        = summon[JsonCodec[UserId]]
338-compile-223]                                                             ^
338-compile-223] No given instance of type zio.json.JsonCodec[ubc.githubgateway.domain.internal.UserId] was found for parameter x of method summon in object Predef.
338-compile-223] I found:
338-compile-223] 
338-compile-223]     neotype.interop.ziojson.codec[A, ubc.githubgateway.domain.internal.UserId](
338-compile-223]       neotype.ValidatedWrappedType.newtypeValidated[A,
338-compile-223]         ubc.githubgateway.domain.internal.UserId](
338-compile-223]         /* missing */
338-compile-223]           summon[
338-compile-223]             neotype.Newtype.WithType[A, ubc.githubgateway.domain.internal.UserId]]
338-compile-223]         ,
338-compile-223]       ???),
338-compile-223]     ???)
338-compile-223] 
338-compile-223] But no implicit values were found that match type neotype.Newtype.WithType[A, ubc.githubgateway.domain.internal.UserId].
338-compile-223] 
338-compile-223] [error] provider-gateways/github-gateway/domain/domainPrivateAdapterExtensions/zio-json/src/ubc/githubgateway/domain/internal/adapters/json/PrivateJsonCodecs.scala:10:65
338-compile-223]   given JsonCodec[TokenScope]    = summon[JsonCodec[TokenScope]]
338-compile-223]                                                                 ^
338-compile-223] No given instance of type zio.json.JsonCodec[ubc.githubgateway.domain.internal.TokenScope] was found for parameter x of method summon in object Predef.
338-compile-223] I found:
338-compile-223] 
338-compile-223]     neotype.interop.ziojson.codec[A, ubc.githubgateway.domain.internal.TokenScope](
338-compile-223]       neotype.ValidatedWrappedType.newtypeValidated[A,
338-compile-223]         ubc.githubgateway.domain.internal.TokenScope](
338-compile-223]         /* missing */
338-compile-223]           summon[
338-compile-223]             neotype.Newtype.WithType[A, ubc.githubgateway.domain.internal.TokenScope
338-compile-223]               ]
338-compile-223]           ]
338-compile-223]         ,
338-compile-223]       ???),
338-compile-223]     ???)
338-compile-223] 
338-compile-223] But no implicit values were found that match type neotype.Newtype.WithType[A, ubc.githubgateway.domain.internal.TokenScope].
338-compile-223] 
338-compile-223] [error] two errors found
338-compile-223] [error] provider-gateways.github-gateway.domain.domainPrivateAdapterExtensions.zio-json.semanticDbDataDetailed task failed
338-compile] Done
338-compile] buildTargetCompile took 614 msec
339-scalaMainClasses] Entered buildTargetScalaMainClasses
339-scalaMainClasses] Evaluating 1 task
339-scalaMainClasses-209] compiling 1 Scala source to .bsp/out/provider-gateways/github-gateway/domain/domainPrivateAdapterExtensions/zio-json/compile.dest/classes ...
339-scalaMainClasses-209] [error] provider-gateways/github-gateway/domain/domainPrivateAdapterExtensions/zio-json/src/ubc/githubgateway/domain/internal/adapters/json/PrivateJsonCodecs.scala:9:61
339-scalaMainClasses-209]   given JsonCodec[UserId]        = summon[JsonCodec[UserId]]
339-scalaMainClasses-209]                                                             ^
339-scalaMainClasses-209] No given instance of type zio.json.JsonCodec[ubc.githubgateway.domain.internal.UserId] was found for parameter x of method summon in object Predef.
339-scalaMainClasses-209] I found:
339-scalaMainClasses-209] 
339-scalaMainClasses-209]     neotype.interop.ziojson.codec[A, ubc.githubgateway.domain.internal.UserId](
339-scalaMainClasses-209]       neotype.ValidatedWrappedType.newtypeValidated[A,
339-scalaMainClasses-209]         ubc.githubgateway.domain.internal.UserId](
339-scalaMainClasses-209]         /* missing */
339-scalaMainClasses-209]           summon[
339-scalaMainClasses-209]             neotype.Newtype.WithType[A, ubc.githubgateway.domain.internal.UserId]]
339-scalaMainClasses-209]         ,
339-scalaMainClasses-209]       ???),
339-scalaMainClasses-209]     ???)
339-scalaMainClasses-209] 
339-scalaMainClasses-209] But no implicit values were found that match type neotype.Newtype.WithType[A, ubc.githubgateway.domain.internal.UserId].
339-scalaMainClasses-209] 
339-scalaMainClasses-209] [error] provider-gateways/github-gateway/domain/domainPrivateAdapterExtensions/zio-json/src/ubc/githubgateway/domain/internal/adapters/json/PrivateJsonCodecs.scala:10:65
339-scalaMainClasses-209]   given JsonCodec[TokenScope]    = summon[JsonCodec[TokenScope]]
339-scalaMainClasses-209]                                                                 ^
339-scalaMainClasses-209] No given instance of type zio.json.JsonCodec[ubc.githubgateway.domain.internal.TokenScope] was found for parameter x of method summon in object Predef.
339-scalaMainClasses-209] I found:
339-scalaMainClasses-209] 
339-scalaMainClasses-209]     neotype.interop.ziojson.codec[A, ubc.githubgateway.domain.internal.TokenScope](
339-scalaMainClasses-209]       neotype.ValidatedWrappedType.newtypeValidated[A,
339-scalaMainClasses-209]         ubc.githubgateway.domain.internal.TokenScope](
339-scalaMainClasses-209]         /* missing */
339-scalaMainClasses-209]           summon[
339-scalaMainClasses-209]             neotype.Newtype.WithType[A, ubc.githubgateway.domain.internal.TokenScope
339-scalaMainClasses-209]               ]
339-scalaMainClasses-209]           ]
339-scalaMainClasses-209]         ,
339-scalaMainClasses-209]       ???),
339-scalaMainClasses-209]     ???)
339-scalaMainClasses-209] 
339-scalaMainClasses-209] But no implicit values were found that match type neotype.Newtype.WithType[A, ubc.githubgateway.domain.internal.TokenScope].
339-scalaMainClasses-209] 
339-scalaMainClasses-209] [error] two errors found
339-scalaMainClasses-209] [error] provider-gateways.github-gateway.domain.domainPrivateAdapterExtensions.zio-json.compile task failed
339-scalaMainClasses] [warn] provider-gateways.github-gateway.domain.domainPrivateAdapterExtensions.zio-json.compile Compilation failed
339-scalaMainClasses] Failed
339-scalaMainClasses] buildTargetScalaMainClasses took 413 msec
340-scalaTestClasses] Entered buildTargetScalaTestClasses
340-scalaTestClasses] buildTargetScalaTestClasses took 0 msec
341-jvmRunEnvironmentFor] Entered buildTargetJvmRunEnvironment
341-jvmRunEnvironmentFor] Evaluating 1 task
341-jvmRunEnvironmentFor] Done
341-jvmRunEnvironmentFor] buildTargetJvmRunEnvironment took 73 msec
342-compile] Entered buildTargetCompile
342-compile] buildTargetCompile took 0 msec
343-compile] Entered buildTargetCompile
343-compile] buildTargetCompile took 0 msec
344-compile] Entered buildTargetCompile
344-compile] buildTargetCompile took 0 msec
345-compile] Entered buildTargetCompile
345-compile] buildTargetCompile took 0 msec
346-compile] Entered buildTargetCompile
346-compile] buildTargetCompile took 0 msec
347-compile] Entered buildTargetCompile
347-compile] buildTargetCompile took 7 msec
348-compile] Entered buildTargetCompile
348-compile] buildTargetCompile took 1 msec
349-compile] Entered buildTargetCompile
349-compile] buildTargetCompile took 0 msec
350-compile] Entered buildTargetCompile
350-compile] buildTargetCompile took 1 msec
351-compile] Entered buildTargetCompile
351-compile] buildTargetCompile took 7 msec
352-compile] Entered buildTargetCompile
352-compile] Evaluating 1 task
352-compile-276] compiling 1 Scala source to .bsp/out/provider-gateways/github-gateway/core/adapters/tapir-github-client/semanticDbDataDetailed.dest/classes ...
352-compile-276] done compiling
352-compile] Done
352-compile] buildTargetCompile took 3042 msec
353-scalaMainClasses] Entered buildTargetScalaMainClasses
353-scalaMainClasses] Evaluating 1 task
353-scalaMainClasses-256] compiling 1 Scala source to .bsp/out/provider-gateways/github-gateway/core/adapters/tapir-github-client/compile.dest/classes ...
353-scalaMainClasses-256] done compiling
353-scalaMainClasses] Done
353-scalaMainClasses] buildTargetScalaMainClasses took 1841 msec
354-scalaTestClasses] Entered buildTargetScalaTestClasses
354-scalaTestClasses] buildTargetScalaTestClasses took 0 msec
355-compile] Entered buildTargetCompile
355-compile] buildTargetCompile took 0 msec
356-compile] Entered buildTargetCompile
356-compile] Evaluating 2 tasks
356-compile-374] compiling 1 Scala source to .bsp/out/provider-gateways/github-gateway/core/core-impl/semanticDbDataDetailed.dest/classes ...
356-compile-374] [error] provider-gateways/github-gateway/core/core-impl/src/ubc/githubgateway/core/GitHubGatewayService.scala:15:16
356-compile-374]       userId = userId,
356-compile-374]                ^^^^^^
356-compile-374] Found:    (userId : ubc.githubgateway.domain.internal.UserId)
356-compile-374] Required: ubc.githubgateway.domain.internal.UserId²
356-compile-374] 
356-compile-374] where:    UserId  is a class in package ubc.githubgateway.domain.internal
356-compile-374]           UserId² is a type in the top-level definitions in package internal which is an alias of ubc.githubgateway.domain.internal.UserId.Type
356-compile-374] 
356-compile-374] 
356-compile-374] [error] provider-gateways/github-gateway/core/core-impl/src/ubc/githubgateway/core/GitHubGatewayService.scala:26:76
356-compile-374]       _          <- ZIO.fail(Exception(s"No token for user ${UserId.unwrap(userId)}")).when(maybeToken.isEmpty)
356-compile-374]                                                                            ^^^^^^
356-compile-374] Found:    (userId : ubc.githubgateway.domain.internal.UserId)
356-compile-374] Required: ubc.githubgateway.domain.internal.UserId.Type
356-compile-374] 
356-compile-374] [error] provider-gateways/github-gateway/core/core-impl/src/ubc/githubgateway/core/GitHubGatewayService.scala:33:76
356-compile-374]       _          <- ZIO.fail(Exception(s"No token for user ${UserId.unwrap(userId)}")).when(maybeToken.isEmpty)
356-compile-374]                                                                            ^^^^^^
356-compile-374] Found:    (userId : ubc.githubgateway.domain.internal.UserId)
356-compile-374] Required: ubc.githubgateway.domain.internal.UserId.Type
356-compile-374] 
356-compile-374] [error] three errors found
356-compile-374] [error] provider-gateways.github-gateway.core.core-impl.semanticDbDataDetailed task failed
356-compile] Done
356-compile] buildTargetCompile took 704 msec
357-scalaMainClasses] Entered buildTargetScalaMainClasses
357-scalaMainClasses] Evaluating 2 tasks
357-scalaMainClasses-349] compiling 1 Scala source to .bsp/out/provider-gateways/github-gateway/core/core-impl/compile.dest/classes ...
357-scalaMainClasses-349] [error] provider-gateways/github-gateway/core/core-impl/src/ubc/githubgateway/core/GitHubGatewayService.scala:15:16
357-scalaMainClasses-349]       userId = userId,
357-scalaMainClasses-349]                ^^^^^^
357-scalaMainClasses-349] Found:    (userId : ubc.githubgateway.domain.internal.UserId)
357-scalaMainClasses-349] Required: ubc.githubgateway.domain.internal.UserId²
357-scalaMainClasses-349] 
357-scalaMainClasses-349] where:    UserId  is a class in package ubc.githubgateway.domain.internal
357-scalaMainClasses-349]           UserId² is a type in the top-level definitions in package internal which is an alias of ubc.githubgateway.domain.internal.UserId.Type
357-scalaMainClasses-349] 
357-scalaMainClasses-349] 
357-scalaMainClasses-349] [error] provider-gateways/github-gateway/core/core-impl/src/ubc/githubgateway/core/GitHubGatewayService.scala:26:76
357-scalaMainClasses-349]       _          <- ZIO.fail(Exception(s"No token for user ${UserId.unwrap(userId)}")).when(maybeToken.isEmpty)
357-scalaMainClasses-349]                                                                            ^^^^^^
357-scalaMainClasses-349] Found:    (userId : ubc.githubgateway.domain.internal.UserId)
357-scalaMainClasses-349] Required: ubc.githubgateway.domain.internal.UserId.Type
357-scalaMainClasses-349] 
357-scalaMainClasses-349] [error] provider-gateways/github-gateway/core/core-impl/src/ubc/githubgateway/core/GitHubGatewayService.scala:33:76
357-scalaMainClasses-349]       _          <- ZIO.fail(Exception(s"No token for user ${UserId.unwrap(userId)}")).when(maybeToken.isEmpty)
357-scalaMainClasses-349]                                                                            ^^^^^^
357-scalaMainClasses-349] Found:    (userId : ubc.githubgateway.domain.internal.UserId)
357-scalaMainClasses-349] Required: ubc.githubgateway.domain.internal.UserId.Type
357-scalaMainClasses-349] 
357-scalaMainClasses-349] [error] three errors found
357-scalaMainClasses-349] [error] provider-gateways.github-gateway.core.core-impl.compile task failed
357-scalaMainClasses] [warn] provider-gateways.github-gateway.core.core-impl.compile Compilation failed
357-scalaMainClasses] Failed
357-scalaMainClasses] buildTargetScalaMainClasses took 501 msec
358-scalaTestClasses] Entered buildTargetScalaTestClasses
358-scalaTestClasses] buildTargetScalaTestClasses took 0 msec
359-compile] Entered buildTargetCompile
359-compile] buildTargetCompile took 0 msec
360-compile] Entered buildTargetCompile
360-compile] buildTargetCompile took 14 msec
361-compile] Entered buildTargetCompile
361-compile] buildTargetCompile took 8 msec
362-compile] Entered buildTargetCompile
362-compile] buildTargetCompile took 7 msec
363-compile] Entered buildTargetCompile
363-compile] buildTargetCompile took 7 msec
364-buildShutdown] Entered buildShutdown
365-onBuildExit] Entered onBuildExit
BSP shutdown asked by client, exiting
Exiting BSP runner loop
